index,Result
0,1
1,1
2,0
3,0
4,1
5,1
6,0
7,0
8,1
9,1
10,0
11,0
12,1
13,1
14,0
15,1
16,0
17,1
18,1
19,0
20,1
21,1
22,0
23,1
24,0
25,0
26,1
27,0
28,0
29,0
30,0
31,1
32,0
33,1
34,1
35,0
36,0
37,1
38,0
39,0
40,1
41,0
42,1
43,1
44,1
45,0
46,1
47,0
48,1
49,1
50,1
51,0
52,0
53,1
54,0
55,0
56,0
57,1
58,1
59,1
60,1
61,0
62,0
63,1
64,1
65,1
66,0
67,0
68,1
69,0
70,0
71,1
72,0
73,1
74,0
75,0
76,1
77,0
78,1
79,1
80,1
81,1
82,1
83,1
84,1
85,1
86,1
87,0
88,1
89,0
90,0
91,0
92,0
93,1
94,0
95,1
96,0
97,0
98,1
99,1
100,1
101,0
102,1
103,1
104,0
105,1
106,1
107,1
108,1
109,0
110,1
111,0
112,1
113,1
114,1
115,0
116,0
117,1
118,0
119,1
120,1
121,1
122,0
123,1
124,0
125,0
126,0
127,1
128,1
129,1
130,0
131,0
132,1
133,1
134,1
135,1
136,1
137,0
138,1
139,1
140,0
141,1
142,0
143,1
144,0
145,0
146,1
147,0
148,0
149,0
150,0
151,1
152,1
153,1
154,0
155,0
156,0
157,0
158,1
159,1
160,0
161,1
162,0
163,1
164,0
165,0
166,0
167,1
168,0
169,1
170,1
171,0
172,1
173,0
174,0
175,1
176,1
177,1
178,1
179,1
180,1
181,1
182,0
183,0
184,0
185,1
186,0
187,0
188,1
189,0
190,0
191,1
192,0
193,0
194,0
195,0
196,1
197,0
198,1
199,1
200,1
201,1
202,1
203,0
204,1
205,0
206,0
207,1
208,1
209,0
210,1
211,1
212,0
213,0
214,1
215,0
216,1
217,0
218,0
219,0
220,1
221,0
222,1
223,0
224,1
225,1
226,1
227,1
228,1
229,0
230,0
231,0
232,0
233,1
234,1
235,0
236,0
237,0
238,1
239,1
240,1
241,0
242,1
243,1
244,0
245,0
246,1
247,0
248,0
249,0
250,0
251,1
252,0
253,0
254,1
255,1
256,0
257,0
258,1
259,1
260,0
261,0
262,0
263,0
264,0
265,1
266,1
267,0
268,1
269,0
270,0
271,0
272,0
273,0
274,0
275,0
276,0
277,1
278,0
279,1
280,0
281,0
282,1
283,1
284,0
285,0
286,0
287,1
288,0
289,1
290,1
291,1
292,1
293,0
294,1
295,0
296,0
297,1
298,0
299,0
300,1
301,0
302,1
303,1
304,0
305,0
306,1
307,1
308,1
309,1
310,1
311,1
312,1
313,0
314,1
315,1
316,1
317,0
318,0
319,1
320,1
321,1
322,0
323,0
324,0
325,1
326,1
327,1
328,0
329,1
330,1
331,1
332,1
333,0
334,0
335,1
336,1
337,1
338,0
339,1
340,1
341,0
342,0
343,1
344,1
345,0
346,1
347,0
348,0
349,0
350,0
351,0
352,0
353,0
354,1
355,1
356,1
357,0
358,1
359,1
360,0
361,0
362,0
363,0
364,1
365,0
366,0
367,0
368,0
369,1
370,1
371,0
372,1
373,1
374,1
375,0
376,1
377,0
378,0
379,0
380,0
381,1
382,1
383,0
384,0
385,0
386,0
387,0
388,0
389,0
390,0
391,0
392,0
393,0
394,0
395,0
396,1
397,1
398,0
399,1
400,1
401,0
402,0
403,1
404,0
405,1
406,0
407,1
408,1
409,0
410,0
411,1
412,0
413,0
414,1
415,1
416,1
417,0
418,0
419,1
420,0
421,0
422,1
423,0
424,1
425,1
426,1
427,1
428,0
429,0
430,1
431,0
432,1
433,1
434,0
435,0
436,1
437,1
438,1
439,1
440,0
441,1
442,1
443,0
444,0
445,0
446,0
447,0
448,1
449,0
450,0
451,0
452,0
453,1
454,1
455,0
456,1
457,0
458,0
459,0
460,0
461,0
462,1
463,0
464,0
465,1
466,0
467,0
468,0
469,1
470,0
471,0
472,0
473,1
474,1
475,1
476,1
477,1
478,1
479,1
480,1
481,0
482,0
483,0
484,1
485,0
486,1
487,0
488,0
489,0
490,0
491,1
492,1
493,0
494,0
495,1
496,0
497,0
498,1
499,0
500,0
501,1
502,0
503,1
504,0
505,1
506,0
507,0
508,0
509,0
510,0
511,0
512,0
513,1
514,0
515,0
516,0
517,1
518,0
519,0
520,0
521,0
522,1
523,0
524,1
525,1
526,0
527,1
528,0
529,0
530,1
531,0
532,1
533,0
534,1
535,0
536,1
537,0
538,0
539,0
540,0
541,0
542,0
543,0
544,1
545,1
546,1
547,1
548,1
549,0
550,0
551,0
552,1
553,1
554,0
555,0
556,1
557,0
558,0
559,0
560,1
561,1
562,0
563,1
564,1
565,0
566,0
567,0
568,0
569,1
570,0
571,1
572,0
573,0
574,1
575,0
576,1
577,0
578,0
579,1
580,0
581,1
582,1
583,1
584,1
585,1
586,1
587,0
588,1
589,0
590,0
591,1
592,0
593,1
594,0
595,0
596,0
597,0
598,0
599,1
600,0
601,1
602,1
603,0
604,1
605,0
606,0
607,0
608,0
609,0
610,0
611,1
612,0
613,1
614,0
615,0
616,0
617,0
618,0
619,0
620,0
621,1
622,0
623,0
624,0
625,0
626,1
627,1
628,0
629,0
630,0
631,0
632,0
633,0
634,1
635,0
636,0
637,1
638,1
639,0
640,0
641,1
642,1
643,1
644,1
645,0
646,1
647,0
648,1
649,1
650,0
651,1
652,0
653,1
654,0
655,0
656,0
657,1
658,0
659,0
660,1
661,0
662,1
663,1
664,1
665,0
666,1
667,0
668,1
669,0
670,0
671,0
672,1
673,0
674,0
675,1
676,0
677,0
678,0
679,0
680,0
681,0
682,1
683,0
684,0
685,0
686,1
687,0
688,1
689,0
690,0
691,0
692,0
693,0
694,0
695,0
696,1
697,0
698,1
699,0
700,1
701,0
702,1
703,0
704,1
705,0
706,1
707,0
708,1
709,0
710,1
711,1
712,0
713,0
714,1
715,1
716,1
717,1
718,0
719,0
720,1
721,0
722,1
723,0
724,0
725,0
726,0
727,1
728,1
729,0
730,1
731,1
732,1
733,1
734,0
735,1
736,1
737,0
738,1
739,1
740,1
741,1
742,0
743,1
744,0
745,0
746,1
747,0
748,1
749,0
750,0
751,0
752,0
753,0
754,0
755,1
756,1
757,0
758,0
759,1
760,0
761,1
762,1
763,1
764,1
765,1
766,0
767,0
768,1
769,0
770,1
771,0
772,0
773,1
774,1
775,1
776,1
777,1
778,0
779,1
780,1
781,1
782,1
783,1
784,1
785,0
786,0
787,0
788,1
789,1
790,0
791,0
792,0
793,0
794,1
795,0
796,0
797,1
798,0
799,0
800,1
801,1
802,1
803,0
804,1
805,0
806,1
807,1
808,0
809,1
810,1
811,0
812,0
813,1
814,0
815,0
816,1
817,0
818,1
819,1
820,1
821,1
822,1
823,0
824,0
825,0
826,1
827,1
828,0
829,0
830,1
831,0
832,1
833,0
834,1
835,1
836,1
837,1
838,1
839,1
840,1
841,1
842,1
843,0
844,0
845,0
846,0
847,0
848,1
849,0
850,1
851,1
852,1
853,0
854,1
855,0
856,1
857,1
858,1
859,0
860,1
861,1
862,1
863,0
864,0
865,1
866,1
867,0
868,1
869,0
870,1
871,0
872,0
873,0
874,0
875,1
876,1
877,0
878,0
879,0
880,0
881,0
882,0
883,0
884,1
885,1
886,1
887,0
888,0
889,0
890,1
891,0
892,1
893,1
894,0
895,0
896,1
897,1
898,1
899,1
900,0
901,1
902,0
903,0
904,0
905,1
906,1
907,1
908,1
909,0
910,1
911,0
912,0
913,0
914,1
915,0
916,0
917,1
918,0
919,0
920,1
921,1
922,0
923,1
924,1
925,1
926,0
927,1
928,0
929,1
930,1
931,0
932,1
933,1
934,1
935,0
936,1
937,1
938,1
939,0
940,0
941,0
942,1
943,1
944,0
945,1
946,1
947,1
948,1
949,1
950,1
951,1
952,0
953,0
954,0
955,1
956,0
957,0
958,0
959,0
960,0
961,0
962,1
963,0
964,0
965,0
966,1
967,0
968,1
969,0
970,0
971,1
972,0
973,1
974,1
975,0
976,0
977,1
978,1
979,1
980,1
981,0
982,0
983,1
984,0
985,1
986,1
987,0
988,1
989,1
990,0
991,0
992,1
993,0
994,0
995,1
996,0
997,0
998,1
999,1
1000,0
1001,0
1002,0
1003,1
1004,0
1005,0
1006,1
1007,1
1008,1
1009,1
1010,1
1011,0
1012,0
1013,0
1014,1
1015,0
1016,0
1017,1
1018,1
1019,0
1020,0
1021,1
1022,0
1023,1
1024,1
1025,0
1026,1
1027,0
1028,1
1029,1
1030,1
1031,1
1032,0
1033,1
1034,0
1035,0
1036,1
1037,1
1038,0
1039,1
1040,1
1041,1
1042,0
1043,1
1044,1
1045,0
1046,1
1047,0
1048,1
1049,0
1050,1
1051,0
1052,1
1053,1
1054,0
1055,0
1056,1
1057,1
1058,0
1059,1
1060,0
1061,1
1062,0
1063,1
1064,1
1065,1
1066,0
1067,1
1068,0
1069,0
1070,0
1071,1
1072,0
1073,0
1074,1
1075,0
1076,1
1077,0
1078,0
1079,0
1080,1
1081,1
1082,0
1083,1
1084,0
1085,0
1086,0
1087,1
1088,1
1089,1
1090,0
1091,0
1092,0
1093,1
1094,1
1095,0
1096,0
1097,0
1098,0
1099,1
1100,0
1101,0
1102,1
1103,1
1104,0
1105,0
1106,1
1107,1
1108,0
1109,1
1110,1
1111,0
1112,1
1113,0
1114,1
1115,0
1116,1
1117,0
1118,1
1119,0
1120,1
1121,0
1122,0
1123,1
1124,1
1125,1
1126,1
1127,1
1128,0
1129,0
1130,1
1131,1
1132,0
1133,1
1134,0
1135,0
1136,1
1137,0
1138,0
1139,1
1140,0
1141,0
1142,0
1143,0
1144,0
1145,1
1146,0
1147,1
1148,0
1149,1
1150,0
1151,1
1152,1
1153,0
1154,0
1155,1
1156,0
1157,0
1158,1
1159,0
1160,1
1161,1
1162,1
1163,0
1164,1
1165,1
1166,1
1167,1
1168,0
1169,0
1170,1
1171,0
1172,1
1173,0
1174,0
1175,1
1176,0
1177,1
1178,0
1179,0
1180,1
1181,0
1182,0
1183,0
1184,0
1185,0
1186,1
1187,1
1188,1
1189,1
1190,1
1191,0
1192,0
1193,0
1194,0
1195,1
1196,1
1197,0
1198,0
1199,1
1200,0
1201,1
1202,1
1203,0
1204,0
1205,0
1206,0
1207,1
1208,1
1209,0
1210,0
1211,1
1212,1
1213,0
1214,0
1215,1
1216,1
1217,1
1218,0
1219,0
1220,0
1221,0
1222,1
1223,1
1224,1
1225,1
1226,1
1227,1
1228,0
1229,1
1230,1
1231,0
1232,0
1233,1
1234,1
1235,1
1236,1
1237,1
1238,1
1239,1
1240,1
1241,1
1242,0
1243,0
1244,1
1245,0
1246,1
1247,1
1248,1
1249,0
1250,1
1251,0
1252,1
1253,0
1254,1
1255,1
1256,0
1257,1
1258,1
1259,1
1260,0
1261,0
1262,0
1263,0
1264,0
1265,1
1266,0
1267,0
1268,0
1269,0
1270,0
1271,0
1272,1
1273,0
1274,1
1275,0
1276,0
1277,1
1278,0
1279,1
1280,1
1281,0
1282,1
1283,0
1284,1
1285,0
1286,0
1287,1
1288,1
1289,0
1290,1
1291,1
1292,0
1293,1
1294,1
1295,0
1296,1
1297,1
1298,1
1299,1
1300,1
1301,1
1302,1
1303,0
1304,1
1305,1
1306,0
1307,1
1308,0
1309,0
1310,0
1311,1
1312,1
1313,0
1314,0
1315,0
1316,1
1317,0
1318,0
1319,0
1320,1
1321,0
1322,0
1323,1
1324,0
1325,0
1326,1
1327,0
1328,1
1329,1
1330,1
1331,0
1332,1
1333,0
1334,0
1335,1
1336,1
1337,0
1338,1
1339,0
1340,0
1341,0
1342,1
1343,1
1344,1
1345,1
1346,0
1347,1
1348,1
1349,1
1350,1
1351,1
1352,0
1353,1
1354,1
1355,1
1356,0
1357,1
1358,0
1359,0
1360,0
1361,1
1362,1
1363,0
1364,1
1365,0
1366,1
1367,1
1368,1
1369,1
1370,0
1371,1
1372,0
1373,1
1374,0
1375,0
1376,0
1377,1
1378,1
1379,1
1380,1
1381,1
1382,0
1383,1
1384,0
1385,1
1386,0
1387,1
1388,0
1389,1
1390,1
1391,0
1392,1
1393,1
1394,0
1395,0
1396,1
1397,1
1398,1
1399,1
1400,1
1401,0
1402,0
1403,1
1404,1
1405,0
1406,1
1407,1
1408,1
1409,1
1410,1
1411,1
1412,0
1413,1
1414,1
1415,1
1416,0
1417,0
1418,0
1419,1
1420,0
1421,0
1422,0
1423,1
1424,1
1425,1
1426,1
1427,0
1428,1
1429,0
1430,0
1431,0
1432,1
1433,1
1434,1
1435,0
1436,0
1437,0
1438,0
1439,1
1440,1
1441,1
1442,0
1443,1
1444,0
1445,1
1446,0
1447,0
1448,1
1449,1
1450,0
1451,0
1452,1
1453,0
1454,1
1455,1
1456,1
1457,1
1458,1
1459,0
1460,1
1461,1
1462,0
1463,1
1464,1
1465,0
1466,0
1467,1
1468,0
1469,1
1470,1
1471,0
1472,1
1473,0
1474,1
1475,0
1476,0
1477,0
1478,1
1479,0
1480,0
1481,0
1482,1
1483,0
1484,1
1485,0
1486,1
1487,0
1488,0
1489,1
1490,1
1491,0
1492,1
1493,1
1494,0
1495,0
1496,1
1497,1
1498,1
1499,0
1500,1
1501,1
1502,1
1503,1
1504,0
1505,1
1506,1
1507,1
1508,0
1509,1
1510,1
1511,1
1512,0
1513,0
1514,1
1515,1
1516,1
1517,1
1518,1
1519,1
1520,0
1521,0
1522,0
1523,1
1524,1
1525,0
1526,1
1527,0
1528,1
1529,0
1530,0
1531,0
1532,0
1533,0
1534,1
1535,0
1536,0
1537,1
1538,1
1539,1
1540,0
1541,1
1542,1
1543,1
1544,1
1545,1
1546,1
1547,0
1548,1
1549,0
1550,1
1551,1
1552,1
1553,0
1554,0
1555,1
1556,1
1557,1
1558,1
1559,1
1560,0
1561,1
1562,1
1563,0
1564,0
1565,1
1566,0
1567,0
1568,1
1569,1
1570,1
1571,1
1572,0
1573,1
1574,1
1575,0
1576,1
1577,0
1578,0
1579,0
1580,0
1581,1
1582,0
1583,0
1584,1
1585,1
1586,0
1587,1
1588,1
1589,1
1590,0
1591,1
1592,0
1593,0
1594,0
1595,1
1596,1
1597,1
1598,1
1599,0
1600,1
1601,0
1602,0
1603,0
1604,1
1605,0
1606,0
1607,1
1608,1
1609,1
1610,1
1611,1
1612,0
1613,1
1614,1
1615,0
1616,0
1617,0
1618,0
1619,0
1620,1
1621,1
1622,0
1623,1
1624,1
1625,0
1626,0
1627,1
1628,0
1629,1
1630,0
1631,1
1632,0
1633,1
1634,1
1635,1
1636,0
1637,0
1638,1
1639,0
1640,0
1641,1
1642,1
1643,1
1644,0
1645,0
1646,1
1647,0
1648,1
1649,0
1650,1
1651,1
1652,0
1653,1
1654,1
1655,0
1656,1
1657,1
1658,1
1659,1
1660,0
1661,0
1662,0
1663,1
1664,1
1665,0
1666,1
1667,1
1668,0
1669,1
1670,0
1671,0
1672,1
1673,0
1674,1
1675,1
1676,0
1677,0
1678,1
1679,1
1680,0
1681,0
1682,1
1683,1
1684,1
1685,1
1686,1
1687,1
1688,1
1689,0
1690,1
1691,1
1692,1
1693,0
1694,0
1695,1
1696,1
1697,0
1698,0
1699,0
1700,1
1701,1
1702,0
1703,0
1704,1
1705,1
1706,0
1707,1
1708,1
1709,0
1710,1
1711,1
1712,0
1713,0
1714,1
1715,0
1716,0
1717,1
1718,0
1719,1
1720,1
1721,1
1722,0
1723,1
1724,1
1725,1
1726,1
1727,0
1728,1
1729,1
1730,0
1731,1
1732,1
1733,1
1734,1
1735,0
1736,0
1737,1
1738,1
1739,0
1740,0
1741,1
1742,1
1743,0
1744,1
1745,1
1746,0
1747,0
1748,1
1749,0
1750,1
1751,0
1752,1
1753,0
1754,0
1755,1
1756,1
1757,0
1758,1
1759,0
1760,0
1761,1
1762,1
1763,1
1764,0
1765,0
1766,0
1767,1
1768,1
1769,0
1770,0
1771,1
1772,0
1773,0
1774,1
1775,1
1776,1
1777,1
1778,1
1779,1
1780,1
1781,1
1782,1
1783,0
1784,1
1785,0
1786,1
1787,0
1788,1
1789,1
1790,0
1791,1
1792,1
1793,0
1794,0
1795,1
1796,1
1797,0
1798,0
1799,1
1800,1
1801,1
1802,1
1803,1
1804,0
1805,0
1806,0
1807,0
1808,1
1809,1
1810,0
1811,0
1812,1
1813,0
1814,1
1815,0
1816,1
1817,1
1818,1
1819,0
1820,0
1821,0
1822,1
1823,0
1824,1
1825,0
1826,1
1827,0
1828,0
1829,1
1830,0
1831,0
1832,1
1833,1
1834,1
1835,1
1836,1
1837,0
1838,1
1839,1
1840,1
1841,0
1842,1
1843,1
1844,1
1845,0
1846,0
1847,1
1848,1
1849,0
1850,1
1851,1
1852,0
1853,0
1854,0
1855,1
1856,0
1857,0
1858,0
1859,0
1860,1
1861,1
1862,1
1863,1
1864,0
1865,0
1866,0
1867,1
1868,0
1869,0
1870,1
1871,0
1872,0
1873,0
1874,0
1875,1
1876,0
1877,0
1878,1
1879,0
1880,0
1881,0
1882,1
1883,1
1884,1
1885,0
1886,0
1887,1
1888,0
1889,1
1890,0
1891,1
1892,1
1893,1
1894,1
1895,0
1896,0
1897,0
1898,1
1899,0
1900,0
1901,1
1902,1
1903,1
1904,1
1905,1
1906,1
1907,0
1908,1
1909,1
1910,1
1911,0
1912,0
1913,0
1914,0
1915,1
1916,1
1917,1
1918,1
1919,0
1920,0
1921,1
1922,0
1923,1
1924,0
1925,0
1926,0
1927,1
1928,0
1929,0
1930,0
1931,1
1932,1
1933,1
1934,0
1935,0
1936,0
1937,0
1938,1
1939,0
1940,1
1941,0
1942,1
1943,1
1944,0
1945,1
1946,1
1947,1
1948,0
1949,0
1950,0
1951,0
1952,0
1953,1
1954,0
1955,0
1956,0
1957,0
1958,1
1959,1
1960,0
1961,0
1962,1
1963,1
1964,0
1965,0
1966,0
1967,1
1968,1
1969,0
1970,0
1971,1
1972,1
1973,1
1974,0
1975,1
1976,0
1977,1
1978,0
1979,0
1980,0
1981,0
1982,1
1983,0
1984,1
1985,1
1986,1
1987,1
1988,1
1989,0
1990,0
1991,0
1992,0
1993,1
1994,1
1995,1
1996,0
1997,1
1998,0
1999,1
2000,0
2001,0
2002,0
2003,0
2004,1
2005,0
2006,0
2007,1
2008,1
2009,0
2010,0
2011,0
2012,0
2013,1
2014,1
2015,1
2016,1
2017,1
2018,1
2019,0
2020,1
2021,0
2022,0
2023,1
2024,0
2025,0
2026,1
2027,0
2028,0
2029,1
2030,1
2031,1
2032,0
2033,1
2034,0
2035,0
2036,1
2037,0
2038,0
2039,0
2040,0
2041,0
2042,1
2043,0
2044,1
2045,0
2046,0
2047,0
2048,1
2049,1
2050,1
2051,0
2052,1
2053,0
2054,1
2055,1
2056,1
2057,0
2058,1
2059,0
2060,1
2061,1
2062,1
2063,0
2064,1
2065,0
2066,1
2067,0
2068,1
2069,1
2070,0
2071,1
2072,1
2073,0
2074,0
2075,0
2076,1
2077,0
2078,1
2079,1
2080,0
2081,1
2082,0
2083,1
2084,0
2085,0
2086,0
2087,1
2088,0
2089,1
2090,0
2091,1
2092,1
2093,1
2094,1
2095,0
2096,0
2097,0
2098,1
2099,1
2100,1
2101,0
2102,0
2103,1
2104,0
2105,0
2106,0
2107,0
2108,0
2109,1
2110,1
2111,1
2112,0
2113,0
2114,0
2115,0
2116,0
2117,1
2118,0
2119,1
2120,1
2121,1
2122,0
2123,0
2124,0
2125,0
2126,0
2127,0
2128,1
2129,0
2130,0
2131,0
2132,0
2133,1
2134,0
2135,0
2136,1
2137,0
2138,1
2139,1
2140,1
2141,1
2142,1
2143,1
2144,1
2145,1
2146,1
2147,0
2148,0
2149,1
2150,0
2151,1
2152,0
2153,1
2154,0
2155,1
2156,0
2157,0
2158,0
2159,0
2160,0
2161,1
2162,0
2163,0
2164,0
2165,0
2166,1
2167,1
2168,0
2169,0
2170,0
2171,0
2172,1
2173,1
2174,0
2175,0
2176,0
2177,0
2178,0
2179,1
2180,1
2181,1
2182,0
2183,0
2184,1
2185,1
2186,0
2187,1
2188,0
2189,0
2190,1
2191,0
2192,1
2193,1
2194,0
2195,1
2196,0
2197,0
2198,0
2199,1
2200,1
2201,0
2202,1
2203,1
2204,1
2205,1
2206,0
2207,1
2208,1
2209,1
2210,1
2211,0
2212,1
2213,0
2214,0
2215,1
2216,1
2217,1
2218,1
2219,1
2220,1
2221,1
2222,1
2223,0
2224,1
2225,1
2226,0
2227,0
2228,1
2229,1
2230,0
2231,1
2232,0
2233,1
2234,1
2235,1
2236,1
2237,1
2238,1
2239,0
2240,1
2241,0
2242,0
2243,0
2244,1
2245,1
2246,1
2247,1
2248,0
2249,0
2250,0
2251,0
2252,1
2253,0
2254,0
2255,0
2256,1
2257,0
2258,0
2259,1
2260,0
2261,1
2262,1
2263,1
2264,1
2265,0
2266,0
2267,0
2268,0
2269,0
2270,0
2271,1
2272,0
2273,1
2274,0
2275,0
2276,0
2277,1
2278,0
2279,0
2280,1
2281,0
2282,0
2283,1
2284,0
2285,0
2286,0
2287,1
2288,1
2289,0
2290,0
2291,1
2292,0
2293,1
2294,0
2295,1
2296,1
2297,1
2298,1
2299,1
2300,1
2301,1
2302,1
2303,0
2304,0
2305,1
2306,0
2307,0
2308,1
2309,1
2310,0
2311,0
2312,1
2313,1
2314,0
2315,0
2316,0
2317,0
2318,0
2319,0
2320,1
2321,0
2322,0
2323,1
2324,0
2325,0
2326,1
2327,0
2328,0
2329,0
2330,1
2331,0
2332,1
2333,0
2334,1
2335,1
2336,0
2337,1
2338,0
2339,1
2340,1
2341,1
2342,1
2343,1
2344,1
2345,0
2346,1
2347,0
2348,1
2349,1
2350,0
2351,1
2352,1
2353,1
2354,0
2355,1
2356,1
2357,0
2358,1
2359,0
2360,1
2361,1
2362,0
2363,1
2364,0
2365,1
2366,0
2367,0
2368,0
2369,0
2370,1
2371,0
2372,1
2373,0
2374,1
2375,0
2376,0
2377,0
2378,1
2379,1
2380,1
2381,1
2382,0
2383,1
2384,1
2385,0
2386,1
2387,1
2388,0
2389,1
2390,0
2391,0
2392,0
2393,1
2394,1
2395,0
2396,1
2397,0
2398,1
2399,0
2400,1
2401,0
2402,0
2403,1
2404,0
2405,1
2406,1
2407,0
2408,1
2409,0
2410,0
2411,0
2412,0
2413,1
2414,0
2415,0
2416,1
2417,1
2418,1
2419,0
2420,0
2421,1
2422,0
2423,1
2424,1
2425,0
2426,1
2427,1
2428,0
2429,0
2430,1
2431,1
2432,0
2433,1
2434,1
2435,1
2436,1
2437,1
2438,1
2439,0
2440,1
2441,0
2442,1
2443,1
2444,1
2445,0
2446,1
2447,0
2448,0
2449,0
2450,1
2451,1
2452,0
2453,1
2454,1
2455,1
2456,0
2457,1
2458,0
2459,1
2460,1
2461,0
2462,0
2463,1
2464,1
2465,0
2466,0
2467,0
2468,0
2469,1
2470,1
2471,1
2472,1
2473,0
2474,0
2475,1
2476,0
2477,0
2478,1
2479,1
2480,0
2481,0
2482,1
2483,1
2484,0
2485,0
2486,1
2487,1
2488,1
2489,1
2490,0
2491,0
2492,0
2493,1
2494,1
2495,0
2496,1
2497,0
2498,1
2499,0
2500,1
2501,0
2502,1
2503,0
2504,1
2505,1
2506,0
2507,1
2508,1
2509,1
2510,1
2511,0
2512,1
2513,0
2514,1
2515,0
2516,0
2517,0
2518,0
2519,1
2520,0
2521,0
2522,1
2523,0
2524,0
2525,1
2526,0
2527,1
2528,1
2529,0
2530,1
2531,0
2532,0
2533,1
2534,0
2535,1
2536,0
2537,1
2538,0
2539,1
2540,1
2541,0
2542,1
2543,1
2544,0
2545,1
2546,0
2547,1
2548,1
2549,1
2550,0
2551,1
2552,1
2553,1
2554,1
2555,0
2556,0
2557,1
2558,0
2559,1
2560,1
2561,1
2562,1
2563,1
2564,0
2565,0
2566,1
2567,0
2568,1
2569,0
2570,1
2571,0
2572,0
2573,0
2574,1
2575,1
2576,0
2577,0
2578,1
2579,1
2580,1
2581,0
2582,1
2583,0
2584,1
2585,1
2586,0
2587,0
2588,0
2589,1
2590,1
2591,0
2592,1
2593,1
2594,0
2595,0
2596,0
2597,0
2598,0
2599,0
2600,0
2601,0
2602,0
2603,0
2604,1
2605,1
2606,1
2607,0
2608,1
2609,0
2610,0
2611,1
2612,0
2613,1
2614,1
2615,0
2616,0
2617,1
2618,0
2619,0
2620,1
2621,0
2622,0
2623,0
2624,0
2625,1
2626,0
2627,0
2628,1
2629,1
2630,1
2631,0
2632,0
2633,1
2634,0
2635,1
2636,1
2637,0
2638,0
2639,0
2640,1
2641,0
2642,1
2643,1
2644,1
2645,1
2646,1
2647,1
2648,0
2649,0
2650,0
2651,1
2652,0
2653,0
2654,1
2655,1
2656,1
2657,0
2658,1
2659,0
2660,1
2661,0
2662,0
2663,0
2664,0
2665,0
2666,1
2667,0
2668,1
2669,0
2670,0
2671,1
2672,0
2673,1
2674,0
2675,0
2676,0
2677,1
2678,1
2679,0
2680,1
2681,1
2682,1
2683,1
2684,1
2685,0
2686,1
2687,0
2688,0
2689,1
2690,1
2691,1
2692,1
2693,1
2694,1
2695,0
2696,0
2697,1
2698,1
2699,0
2700,0
2701,0
2702,0
2703,1
2704,0
2705,1
2706,1
2707,1
2708,1
2709,0
2710,1
2711,0
2712,0
2713,1
2714,1
2715,0
2716,1
2717,1
2718,1
2719,0
2720,1
2721,0
2722,0
2723,1
2724,1
2725,0
2726,1
2727,1
2728,1
2729,1
2730,1
2731,0
2732,0
2733,1
2734,0
2735,1
2736,0
2737,0
2738,0
2739,1
2740,1
2741,1
2742,1
2743,0
2744,0
2745,0
2746,0
2747,0
2748,1
2749,0
2750,1
2751,0
2752,0
2753,0
2754,1
2755,0
2756,1
2757,0
2758,1
2759,0
2760,0
2761,0
2762,1
2763,1
2764,0
2765,1
2766,1
2767,0
2768,1
2769,1
2770,0
2771,0
2772,1
2773,0
2774,0
2775,0
2776,1
2777,1
2778,0
2779,0
2780,0
2781,0
2782,0
2783,1
2784,0
2785,1
2786,1
2787,1
2788,1
2789,0
2790,0
2791,0
2792,0
2793,1
2794,1
2795,1
2796,1
2797,1
2798,1
2799,0
2800,0
2801,0
2802,1
2803,1
2804,1
2805,1
2806,1
2807,1
2808,1
2809,1
2810,1
2811,1
2812,0
2813,0
2814,0
2815,1
2816,0
2817,1
2818,1
2819,0
2820,0
2821,0
2822,0
2823,0
2824,0
2825,0
2826,0
2827,0
2828,0
2829,1
2830,1
2831,1
2832,1
2833,1
2834,1
2835,0
2836,0
2837,1
2838,1
2839,1
2840,1
2841,1
2842,0
2843,0
2844,1
2845,1
2846,0
2847,1
2848,0
2849,0
2850,1
2851,0
2852,0
2853,0
2854,0
2855,0
2856,1
2857,1
2858,1
2859,1
2860,0
2861,0
2862,1
2863,0
2864,1
2865,1
2866,0
2867,1
2868,0
2869,1
2870,1
2871,1
2872,1
2873,0
2874,1
2875,0
2876,1
2877,0
2878,1
2879,1
2880,0
2881,0
2882,0
2883,0
2884,0
2885,0
2886,0
2887,0
2888,0
2889,1
2890,1
2891,1
2892,0
2893,0
2894,0
2895,1
2896,1
2897,0
2898,0
2899,1
2900,0
2901,1
2902,1
2903,0
2904,1
2905,0
2906,0
2907,1
2908,0
2909,1
2910,0
2911,1
2912,0
2913,0
2914,1
2915,1
2916,1
2917,1
2918,1
2919,0
2920,0
2921,1
2922,0
2923,0
2924,1
2925,0
2926,1
2927,0
2928,1
2929,0
2930,0
2931,0
2932,1
2933,0
2934,1
2935,1
2936,1
2937,0
2938,1
2939,0
2940,1
2941,0
2942,0
2943,0
2944,1
2945,1
2946,0
2947,1
2948,0
2949,1
2950,0
2951,0
2952,0
2953,1
2954,0
2955,0
2956,0
2957,1
2958,1
2959,0
2960,0
2961,0
2962,0
2963,1
2964,0
2965,0
2966,1
2967,1
2968,1
2969,1
2970,0
2971,1
2972,0
2973,1
2974,1
2975,0
2976,0
2977,1
2978,1
2979,1
2980,0
2981,1
2982,0
2983,1
2984,1
2985,1
2986,0
2987,1
2988,0
2989,0
2990,0
2991,0
2992,1
2993,1
2994,0
2995,0
2996,0
2997,0
2998,0
2999,1
3000,0
3001,0
3002,1
3003,1
3004,0
3005,0
3006,1
3007,1
3008,0
3009,1
3010,1
3011,0
3012,1
3013,0
3014,1
3015,0
3016,0
3017,1
3018,1
3019,1
3020,1
3021,1
3022,1
3023,1
3024,1
3025,0
3026,1
3027,0
3028,1
3029,1
3030,1
3031,1
3032,0
3033,0
3034,1
3035,0
3036,1
3037,1
3038,0
3039,1
3040,0
3041,0
3042,0
3043,1
3044,1
3045,1
3046,1
3047,1
3048,0
3049,0
3050,1
3051,0
3052,0
3053,0
3054,0
3055,1
3056,0
3057,1
3058,1
3059,1
3060,1
3061,0
3062,0
3063,0
3064,0
3065,1
3066,1
3067,0
3068,0
3069,1
3070,0
3071,0
3072,0
3073,0
3074,1
3075,0
3076,0
3077,0
3078,1
3079,1
3080,0
3081,1
3082,1
3083,1
3084,1
3085,1
3086,0
3087,1
3088,1
3089,1
3090,1
3091,0
3092,1
3093,1
3094,0
3095,0
3096,1
3097,1
3098,1
3099,0
3100,1
3101,1
3102,1
3103,0
3104,1
3105,0
3106,0
3107,0
3108,1
3109,0
3110,0
3111,0
3112,1
3113,0
3114,1
3115,1
3116,1
3117,1
3118,0
3119,1
3120,1
3121,0
3122,1
3123,0
3124,0
3125,1
3126,0
3127,0
3128,0
3129,0
3130,1
3131,0
3132,0
3133,0
3134,1
3135,0
3136,0
3137,0
3138,1
3139,1
3140,1
3141,0
3142,0
3143,0
3144,1
3145,1
3146,1
3147,1
3148,0
3149,1
3150,0
3151,0
3152,0
3153,1
3154,1
3155,1
3156,1
3157,1
3158,1
3159,1
3160,1
3161,1
3162,0
3163,1
3164,1
3165,1
3166,0
3167,1
3168,0
3169,1
3170,1
3171,0
3172,1
3173,1
3174,1
3175,0
3176,1
3177,1
3178,0
3179,1
3180,0
3181,0
3182,0
3183,0
3184,1
3185,1
3186,1
3187,1
3188,1
3189,0
3190,0
3191,0
3192,1
3193,0
3194,1
3195,0
3196,0
3197,0
3198,1
3199,0
3200,0
3201,1
3202,1
3203,0
3204,1
3205,0
3206,0
3207,0
3208,1
3209,0
3210,0
3211,0
3212,0
3213,1
3214,0
3215,1
3216,1
3217,1
3218,1
3219,1
3220,0
3221,1
3222,1
3223,1
3224,1
3225,1
3226,0
3227,0
3228,1
3229,0
3230,0
3231,1
3232,1
3233,1
3234,0
3235,0
3236,0
3237,0
3238,0
3239,0
3240,1
3241,0
3242,0
3243,1
3244,1
3245,1
3246,0
3247,0
3248,0
3249,0
3250,0
3251,1
3252,0
3253,0
3254,0
3255,1
3256,1
3257,0
3258,0
3259,0
3260,0
3261,1
3262,0
3263,1
3264,0
3265,1
3266,1
3267,1
3268,0
3269,0
3270,0
3271,1
3272,0
3273,0
3274,0
3275,0
3276,1
3277,1
3278,0
3279,1
3280,1
3281,0
3282,1
3283,0
3284,0
3285,0
3286,1
3287,1
3288,1
3289,1
3290,1
3291,0
3292,0
3293,0
3294,0
3295,0
3296,0
3297,0
3298,1
3299,1
3300,1
3301,0
3302,1
3303,1
3304,0
3305,1
3306,1
3307,0
3308,1
3309,0
3310,1
3311,0
3312,1
3313,0
3314,0
3315,0
3316,1
3317,0
3318,0
3319,1
3320,1
3321,0
3322,0
3323,1
3324,0
3325,0
3326,1
3327,1
3328,1
3329,0
3330,0
3331,1
3332,0
3333,1
3334,1
3335,0
3336,1
3337,1
3338,0
3339,0
3340,0
3341,1
3342,0
3343,0
3344,1
3345,0
3346,1
3347,0
3348,0
3349,0
3350,0
3351,1
3352,1
3353,0
3354,0
3355,0
3356,1
3357,0
3358,1
3359,0
3360,0
3361,0
3362,1
3363,1
3364,1
3365,0
3366,1
3367,1
3368,1
3369,0
3370,1
3371,1
3372,1
3373,0
3374,0
3375,0
3376,0
3377,0
3378,0
3379,0
3380,0
3381,1
3382,0
3383,0
3384,1
3385,1
3386,0
3387,1
3388,0
3389,1
3390,1
3391,0
3392,0
3393,1
3394,1
3395,1
3396,0
3397,1
3398,0
3399,1
3400,0
3401,0
3402,1
3403,0
3404,1
3405,1
3406,1
3407,1
3408,0
3409,1
3410,0
3411,1
3412,1
3413,1
3414,1
3415,0
3416,0
3417,1
3418,1
3419,0
3420,1
3421,1
3422,1
3423,0
3424,0
3425,1
3426,1
3427,1
3428,0
3429,1
3430,0
3431,1
3432,0
3433,1
3434,0
3435,1
3436,0
3437,1
3438,0
3439,0
3440,1
3441,1
3442,1
3443,1
3444,1
3445,1
3446,0
3447,1
3448,1
3449,0
3450,1
3451,0
3452,1
3453,0
3454,0
3455,0
3456,1
3457,0
3458,1
3459,1
3460,0
3461,1
3462,0
3463,1
3464,1
3465,1
3466,1
3467,0
3468,1
3469,0
3470,1
3471,0
3472,1
3473,1
3474,0
3475,0
3476,1
3477,0
3478,0
3479,0
3480,0
3481,1
3482,1
3483,0
3484,0
3485,1
3486,0
3487,1
3488,0
3489,1
3490,1
3491,1
3492,1
3493,1
3494,0
3495,0
3496,1
3497,1
3498,0
3499,0
3500,0
3501,0
3502,1
3503,1
3504,1
3505,0
3506,1
3507,1
3508,0
3509,0
3510,1
3511,1
3512,1
3513,0
3514,0
3515,1
3516,0
3517,1
3518,1
3519,0
3520,0
3521,0
3522,1
3523,0
3524,1
3525,1
3526,1
3527,0
3528,1
3529,1
3530,1
3531,0
3532,0
3533,1
3534,1
3535,1
3536,1
3537,0
3538,0
3539,0
3540,1
3541,0
3542,0
3543,1
3544,0
3545,0
3546,0
3547,1
3548,0
3549,0
3550,1
3551,1
3552,1
3553,1
3554,1
3555,1
3556,1
3557,0
3558,0
3559,0
3560,1
3561,1
3562,1
3563,0
3564,1
3565,1
3566,0
3567,0
3568,0
3569,0
3570,0
3571,0
3572,0
3573,0
3574,0
3575,1
3576,1
3577,0
3578,1
3579,0
3580,1
3581,0
3582,0
3583,0
3584,0
3585,1
3586,1
3587,0
3588,1
3589,1
3590,1
3591,0
3592,0
3593,1
3594,1
3595,0
3596,0
3597,0
3598,1
3599,1
3600,1
3601,0
3602,0
3603,0
3604,1
3605,0
3606,1
3607,0
3608,0
3609,0
3610,0
3611,0
3612,0
3613,0
3614,1
3615,0
3616,1
3617,0
3618,1
3619,1
3620,1
3621,0
3622,1
3623,1
3624,1
3625,1
3626,0
3627,0
3628,0
3629,0
3630,0
3631,1
3632,1
3633,1
3634,0
3635,1
3636,0
3637,0
3638,1
3639,0
3640,1
3641,0
3642,1
3643,0
3644,1
3645,1
3646,1
3647,1
3648,1
3649,0
3650,0
3651,0
3652,1
3653,0
3654,1
3655,1
3656,0
3657,0
3658,0
3659,1
3660,1
3661,0
3662,0
3663,0
3664,0
3665,0
3666,1
3667,1
3668,0
3669,1
3670,1
3671,0
3672,0
3673,0
3674,1
3675,1
3676,1
3677,0
3678,0
3679,1
3680,1
3681,0
3682,1
3683,0
3684,0
3685,0
3686,1
3687,0
3688,1
3689,0
3690,0
3691,1
3692,1
3693,1
3694,0
3695,1
3696,0
3697,0
3698,0
3699,1
3700,1
3701,0
3702,1
3703,1
3704,1
3705,0
3706,0
3707,0
3708,0
3709,1
3710,0
3711,0
3712,0
3713,0
3714,0
3715,0
3716,0
3717,0
3718,1
3719,1
3720,1
3721,0
3722,1
3723,0
3724,0
3725,1
3726,1
3727,1
3728,0
3729,1
3730,0
3731,1
3732,0
3733,0
3734,0
3735,1
3736,1
3737,0
3738,1
3739,0
3740,1
3741,1
3742,0
3743,1
3744,0
3745,1
3746,0
3747,1
3748,1
3749,1
3750,0
3751,0
3752,0
3753,0
3754,1
3755,0
3756,1
3757,0
3758,1
3759,1
3760,1
3761,0
3762,1
3763,1
3764,0
3765,0
3766,1
3767,0
3768,0
3769,0
3770,1
3771,1
3772,0
3773,0
3774,1
3775,1
3776,0
3777,1
3778,1
3779,0
3780,0
3781,0
3782,1
3783,1
3784,1
3785,0
3786,0
3787,0
3788,1
3789,1
3790,0
3791,1
3792,1
3793,1
3794,1
3795,0
3796,0
3797,1
3798,1
3799,1
3800,0
3801,0
3802,1
3803,1
3804,1
3805,0
3806,0
3807,1
3808,1
3809,0
3810,1
3811,0
3812,1
3813,1
3814,0
3815,0
3816,0
3817,0
3818,0
3819,0
3820,0
3821,1
3822,1
3823,0
3824,1
3825,1
3826,0
3827,0
3828,0
3829,0
3830,1
3831,0
3832,1
3833,0
3834,1
3835,1
3836,1
3837,0
3838,1
3839,1
3840,1
3841,1
3842,1
3843,0
3844,1
3845,0
3846,0
3847,1
3848,0
3849,1
3850,0
3851,1
3852,0
3853,1
3854,1
3855,1
3856,0
3857,1
3858,0
3859,0
3860,1
3861,0
3862,1
3863,0
3864,0
3865,1
3866,0
3867,0
3868,1
3869,0
3870,0
3871,1
3872,1
3873,1
3874,0
3875,1
3876,1
3877,0
3878,1
3879,0
3880,0
3881,1
3882,1
3883,1
3884,0
3885,0
3886,1
3887,0
3888,0
3889,0
3890,1
3891,0
3892,1
3893,0
3894,1
3895,1
3896,1
3897,0
3898,1
3899,0
3900,1
3901,1
3902,0
3903,1
3904,1
3905,0
3906,0
3907,0
3908,0
3909,0
3910,0
3911,1
3912,0
3913,1
3914,0
3915,1
3916,0
3917,1
3918,1
3919,1
3920,1
3921,0
3922,0
3923,1
3924,1
3925,1
3926,0
3927,0
3928,1
3929,0
3930,0
3931,1
3932,1
3933,1
3934,1
3935,0
3936,1
3937,0
3938,1
3939,0
3940,0
3941,1
3942,1
3943,1
3944,1
3945,0
3946,1
3947,0
3948,1
3949,1
3950,0
3951,1
3952,1
3953,0
3954,0
3955,1
3956,0
3957,0
3958,1
3959,1
3960,1
3961,0
3962,0
3963,0
3964,1
3965,0
3966,0
3967,0
3968,0
3969,1
3970,1
3971,1
3972,0
3973,0
3974,1
3975,1
3976,0
3977,0
3978,0
3979,1
3980,0
3981,0
3982,0
3983,0
3984,1
3985,0
3986,0
3987,0
3988,1
3989,1
3990,1
3991,0
3992,0
3993,1
3994,0
3995,1
3996,1
3997,1
3998,1
3999,0
4000,0
4001,1
4002,0
4003,0
4004,1
4005,0
4006,1
4007,0
4008,0
4009,0
4010,0
4011,1
4012,0
4013,1
4014,0
4015,1
4016,1
4017,1
4018,0
4019,1
4020,0
4021,0
4022,1
4023,0
4024,1
4025,1
4026,1
4027,1
4028,0
4029,0
4030,1
4031,1
4032,0
4033,0
4034,0
4035,1
4036,0
4037,0
4038,1
4039,0
4040,1
4041,0
4042,1
4043,0
4044,0
4045,1
4046,0
4047,1
4048,1
4049,1
4050,1
4051,1
4052,0
4053,0
4054,1
4055,1
4056,1
4057,0
4058,1
4059,0
4060,1
4061,1
4062,1
4063,1
4064,0
4065,0
4066,0
4067,1
4068,0
4069,0
4070,1
4071,0
4072,0
4073,1
4074,0
4075,1
4076,0
4077,0
4078,1
4079,1
4080,1
4081,1
4082,0
4083,1
4084,0
4085,1
4086,0
4087,1
4088,0
4089,0
4090,1
4091,0
4092,0
4093,1
4094,0
4095,1
4096,0
4097,0
4098,0
4099,0
4100,1
4101,0
4102,0
4103,0
4104,0
4105,1
4106,0
4107,0
4108,1
4109,0
4110,0
4111,0
4112,0
4113,0
4114,0
4115,0
4116,0
4117,1
4118,1
4119,1
4120,0
4121,0
4122,1
4123,1
4124,0
4125,1
4126,1
4127,1
4128,0
4129,1
4130,1
4131,1
4132,1
4133,1
4134,0
4135,1
4136,1
4137,1
4138,1
4139,0
4140,0
4141,1
4142,0
4143,0
4144,0
4145,0
4146,0
4147,0
4148,0
4149,0
4150,1
4151,0
4152,1
4153,0
4154,1
4155,1
4156,0
4157,1
4158,1
4159,0
4160,0
4161,0
4162,1
4163,0
4164,0
4165,1
4166,0
4167,1
4168,1
4169,1
4170,1
4171,1
4172,1
4173,0
4174,0
4175,1
4176,1
4177,0
4178,1
4179,1
4180,0
4181,0
4182,0
4183,0
4184,0
4185,0
4186,0
4187,1
4188,0
4189,0
4190,0
4191,1
4192,1
4193,0
4194,1
4195,1
4196,0
4197,1
4198,0
4199,0
4200,1
4201,1
4202,0
4203,1
4204,1
4205,1
4206,1
4207,0
4208,0
4209,0
4210,1
4211,0
4212,0
4213,1
4214,1
4215,0
4216,0
4217,0
4218,0
4219,1
4220,0
4221,1
4222,0
4223,0
4224,0
4225,0
4226,1
4227,0
4228,0
4229,1
4230,0
4231,0
4232,0
4233,1
4234,0
4235,1
4236,1
4237,0
4238,0
4239,0
4240,1
4241,0
4242,1
4243,1
4244,0
4245,0
4246,1
4247,1
4248,1
4249,0
4250,0
4251,1
4252,0
4253,1
4254,1
4255,0
4256,0
4257,0
4258,1
4259,1
4260,1
4261,1
4262,1
4263,0
4264,0
4265,0
4266,0
4267,0
4268,0
4269,0
4270,1
4271,1
4272,0
4273,0
4274,1
4275,0
4276,0
4277,0
4278,0
4279,1
4280,0
4281,1
4282,0
4283,0
4284,0
4285,0
4286,0
4287,0
4288,1
4289,0
4290,0
4291,0
4292,1
4293,0
4294,0
4295,1
4296,0
4297,0
4298,1
4299,1
4300,1
4301,0
4302,0
4303,1
4304,0
4305,0
4306,1
4307,1
4308,1
4309,0
4310,1
4311,0
4312,1
4313,1
4314,0
4315,1
4316,1
4317,1
4318,1
4319,1
4320,1
4321,1
4322,0
4323,0
4324,0
4325,1
4326,0
4327,1
4328,0
4329,1
4330,0
4331,0
4332,1
4333,1
4334,0
4335,1
4336,0
4337,0
4338,1
4339,1
4340,0
4341,0
4342,0
4343,0
4344,1
4345,0
4346,0
4347,1
4348,0
4349,0
4350,1
4351,0
4352,0
4353,1
4354,0
4355,0
4356,1
4357,0
4358,1
4359,0
4360,0
4361,0
4362,1
4363,1
4364,0
4365,0
4366,0
4367,0
4368,1
4369,1
4370,0
4371,1
4372,0
4373,1
4374,0
4375,0
4376,1
4377,1
4378,1
4379,0
4380,0
4381,1
4382,1
4383,0
4384,1
4385,1
4386,0
4387,0
4388,0
4389,0
4390,0
4391,0
4392,0
4393,0
4394,1
4395,1
4396,0
4397,1
4398,0
4399,1
4400,0
4401,0
4402,1
4403,1
4404,0
4405,1
4406,0
4407,1
4408,1
4409,1
4410,0
4411,0
4412,0
4413,1
4414,1
4415,1
4416,0
4417,0
4418,0
4419,1
4420,1
4421,1
4422,1
4423,1
4424,1
4425,0
4426,1
4427,0
4428,0
4429,0
4430,1
4431,0
4432,1
4433,1
4434,1
4435,1
4436,0
4437,0
4438,1
4439,0
4440,1
4441,0
4442,1
4443,0
4444,1
4445,1
4446,1
4447,0
4448,1
4449,1
4450,0
4451,1
4452,1
4453,1
4454,0
4455,0
4456,0
4457,1
4458,1
4459,0
4460,0
4461,1
4462,1
4463,0
4464,0
4465,0
4466,1
4467,0
4468,0
4469,1
4470,1
4471,0
4472,0
4473,0
4474,1
4475,1
4476,0
4477,0
4478,0
4479,0
4480,0
4481,0
4482,1
4483,1
4484,0
4485,0
4486,1
4487,0
4488,0
4489,1
4490,1
4491,0
4492,0
4493,0
4494,0
4495,0
4496,1
4497,0
4498,0
4499,1
4500,1
4501,0
4502,0
4503,1
4504,1
4505,1
4506,1
4507,0
4508,0
4509,1
4510,1
4511,0
4512,1
4513,0
4514,0
4515,0
4516,0
4517,0
4518,1
4519,0
4520,1
4521,1
4522,1
4523,1
4524,0
4525,0
4526,0
4527,0
4528,1
4529,0
4530,0
4531,1
4532,0
4533,1
4534,0
4535,1
4536,1
4537,0
4538,1
4539,0
4540,1
4541,0
4542,0
4543,0
4544,1
4545,1
4546,1
4547,0
4548,0
4549,1
4550,1
4551,0
4552,1
4553,1
4554,1
4555,0
4556,1
4557,1
4558,1
4559,0
4560,1
4561,1
4562,0
4563,0
4564,1
4565,1
4566,1
4567,1
4568,0
4569,1
4570,0
4571,1
4572,0
4573,0
4574,1
4575,0
4576,0
4577,1
4578,1
4579,0
4580,1
4581,1
4582,0
4583,1
4584,1
4585,1
4586,1
4587,1
4588,1
4589,0
4590,0
4591,0
4592,0
4593,0
4594,1
4595,0
4596,0
4597,0
4598,0
4599,0
4600,0
4601,0
4602,0
4603,0
4604,0
4605,0
4606,0
4607,0
4608,1
4609,0
4610,0
4611,1
4612,0
4613,0
4614,1
4615,1
4616,1
4617,0
4618,1
4619,1
4620,1
4621,0
4622,0
4623,1
4624,0
4625,1
4626,1
4627,1
4628,1
4629,0
4630,1
4631,1
4632,1
4633,0
4634,1
4635,0
4636,0
4637,0
4638,1
4639,1
4640,0
4641,1
4642,1
4643,0
4644,1
4645,0
4646,0
4647,0
4648,0
4649,0
4650,1
4651,0
4652,0
4653,0
4654,1
4655,1
4656,0
4657,1
4658,0
4659,0
4660,1
4661,1
4662,0
4663,0
4664,1
4665,1
4666,0
4667,1
4668,0
4669,1
4670,0
4671,1
4672,0
4673,1
4674,0
4675,0
4676,1
4677,1
4678,1
4679,0
4680,0
4681,1
4682,0
4683,1
4684,1
4685,0
4686,0
4687,1
4688,1
4689,1
4690,0
4691,0
4692,0
4693,1
4694,1
4695,1
4696,1
4697,0
4698,0
4699,0
4700,1
4701,0
4702,1
4703,0
4704,1
4705,1
4706,1
4707,1
4708,1
4709,1
4710,0
4711,1
4712,0
4713,0
4714,0
4715,1
4716,0
4717,0
4718,0
4719,0
4720,1
4721,1
4722,0
4723,1
4724,1
4725,0
4726,1
4727,0
4728,1
4729,1
4730,0
4731,0
4732,0
4733,0
4734,1
4735,0
4736,0
4737,1
4738,1
4739,0
4740,1
4741,1
4742,0
4743,0
4744,0
4745,1
4746,1
4747,0
4748,0
4749,1
4750,1
4751,1
4752,0
4753,0
4754,0
4755,0
4756,1
4757,0
4758,1
4759,0
4760,1
4761,1
4762,0
4763,0
4764,0
4765,1
4766,0
4767,1
4768,0
4769,0
4770,1
4771,1
4772,0
4773,1
4774,0
4775,0
4776,1
4777,1
4778,0
4779,1
4780,0
4781,0
4782,0
4783,1
4784,0
4785,0
4786,1
4787,1
4788,1
4789,0
4790,0
4791,1
4792,0
4793,1
4794,1
4795,0
4796,0
4797,0
4798,0
4799,1
4800,0
4801,1
4802,1
4803,0
4804,0
4805,0
4806,1
4807,0
4808,0
4809,1
4810,1
4811,0
4812,1
4813,0
4814,0
4815,1
4816,0
4817,0
4818,1
4819,0
4820,1
4821,1
4822,0
4823,1
4824,1
4825,1
4826,0
4827,1
4828,0
4829,0
4830,0
4831,1
4832,0
4833,1
4834,0
4835,0
4836,0
4837,1
4838,1
4839,1
4840,0
4841,1
4842,1
4843,0
4844,0
4845,0
4846,1
4847,1
4848,1
4849,0
4850,0
4851,0
4852,1
4853,0
4854,0
4855,1
4856,0
4857,1
4858,0
4859,0
4860,0
4861,0
4862,0
4863,1
4864,0
4865,0
4866,1
4867,0
4868,0
4869,0
4870,0
4871,0
4872,0
4873,0
4874,0
4875,0
4876,0
4877,0
4878,0
4879,0
4880,1
4881,1
4882,0
4883,1
4884,1
4885,1
4886,0
4887,0
4888,1
4889,1
4890,1
4891,1
4892,0
4893,0
4894,0
4895,0
4896,1
4897,0
4898,1
4899,0
4900,1
4901,1
4902,0
4903,0
4904,1
4905,0
4906,1
4907,1
4908,0
4909,1
4910,1
4911,1
4912,1
4913,0
4914,0
4915,0
4916,0
4917,1
4918,1
4919,1
4920,0
4921,1
4922,1
4923,1
4924,0
4925,0
4926,0
4927,0
4928,0
4929,0
4930,0
4931,0
4932,0
4933,1
4934,0
4935,0
4936,1
4937,0
4938,0
4939,0
4940,0
4941,1
4942,0
4943,0
4944,0
4945,0
4946,1
4947,1
4948,1
4949,0
4950,1
4951,1
4952,1
4953,1
4954,1
4955,1
4956,0
4957,1
4958,1
4959,0
4960,1
4961,1
4962,0
4963,1
4964,1
4965,0
4966,0
4967,1
4968,0
4969,1
4970,1
4971,0
4972,1
4973,1
4974,1
4975,0
4976,0
4977,1
4978,1
4979,0
4980,1
4981,0
4982,0
4983,0
4984,1
4985,1
4986,0
4987,0
4988,1
4989,1
4990,1
4991,1
4992,1
4993,1
4994,1
4995,1
4996,0
4997,1
4998,0
4999,1
5000,1
5001,1
5002,1
5003,0
5004,0
5005,0
5006,1
5007,1
5008,1
5009,1
5010,0
5011,1
5012,1
5013,1
5014,0
5015,1
5016,0
5017,1
5018,0
5019,1
5020,1
5021,0
5022,0
5023,0
5024,1
5025,1
5026,0
5027,1
5028,0
5029,0
5030,1
5031,1
5032,1
5033,0
5034,1
5035,0
5036,0
5037,1
5038,0
5039,0
5040,1
5041,1
5042,0
5043,0
5044,1
5045,1
5046,0
5047,0
5048,0
5049,0
5050,0
5051,0
5052,1
5053,0
5054,1
5055,0
5056,1
5057,1
5058,0
5059,0
5060,1
5061,1
5062,0
5063,0
5064,1
5065,1
5066,1
5067,1
5068,1
5069,1
5070,1
5071,0
5072,0
5073,0
5074,1
5075,0
5076,0
5077,1
5078,0
5079,0
5080,0
5081,0
5082,0
5083,1
5084,0
5085,1
5086,0
5087,1
5088,1
5089,1
5090,1
5091,0
5092,1
5093,0
5094,1
5095,1
5096,0
5097,1
5098,1
5099,1
5100,0
5101,1
5102,0
5103,1
5104,0
5105,0
5106,1
5107,1
5108,1
5109,1
5110,1
5111,1
5112,0
5113,0
5114,0
5115,0
5116,1
5117,1
5118,0
5119,1
5120,1
5121,1
5122,1
5123,0
5124,0
5125,0
5126,1
5127,1
5128,0
5129,1
5130,1
5131,1
5132,0
5133,1
5134,0
5135,1
5136,1
5137,0
5138,0
5139,0
5140,1
5141,1
5142,1
5143,1
5144,0
5145,0
5146,1
5147,0
5148,0
5149,0
5150,0
5151,1
5152,0
5153,0
5154,0
5155,1
5156,1
5157,1
5158,1
5159,1
5160,1
5161,1
5162,0
5163,1
5164,0
5165,1
5166,0
5167,0
5168,1
5169,0
5170,1
5171,1
5172,0
5173,1
5174,0
5175,0
5176,0
5177,0
5178,1
5179,0
5180,0
5181,0
5182,0
5183,1
5184,0
5185,1
5186,1
5187,1
5188,1
5189,0
5190,0
5191,1
5192,1
5193,0
5194,1
5195,1
5196,1
5197,1
5198,1
5199,1
5200,0
5201,0
5202,0
5203,1
5204,1
5205,1
5206,0
5207,0
5208,0
5209,0
5210,0
5211,0
5212,1
5213,0
5214,0
5215,1
5216,0
5217,0
5218,0
5219,1
5220,1
5221,0
5222,1
5223,1
5224,0
5225,0
5226,1
5227,0
5228,1
5229,1
5230,0
5231,1
5232,1
5233,1
5234,0
5235,1
5236,1
5237,0
5238,0
5239,1
5240,0
5241,1
5242,0
5243,1
5244,1
5245,0
5246,0
5247,0
5248,1
5249,1
5250,0
5251,0
5252,1
5253,0
5254,1
5255,0
5256,1
5257,0
5258,1
5259,0
5260,1
5261,0
5262,1
5263,1
5264,0
5265,0
5266,1
5267,1
5268,0
5269,1
5270,0
5271,0
5272,0
5273,1
5274,1
5275,0
5276,1
5277,0
5278,0
5279,1
5280,0
5281,1
5282,1
5283,0
5284,0
5285,0
5286,0
5287,1
5288,0
5289,0
5290,0
5291,0
5292,1
5293,0
5294,0
5295,0
5296,1
5297,0
5298,1
5299,0
5300,1
5301,0
5302,1
5303,0
5304,1
5305,0
5306,0
5307,1
5308,0
5309,0
5310,1
5311,0
5312,0
5313,1
5314,0
5315,1
5316,0
5317,1
5318,0
5319,1
5320,0
5321,0
5322,0
5323,0
5324,1
5325,1
5326,0
5327,0
5328,1
5329,0
5330,0
5331,0
5332,1
5333,0
5334,0
5335,1
5336,0
5337,1
5338,1
5339,0
5340,1
5341,0
5342,0
5343,0
5344,0
5345,0
5346,1
5347,0
5348,0
5349,1
5350,0
5351,0
5352,0
5353,1
5354,1
5355,0
5356,0
5357,0
5358,1
5359,0
5360,1
5361,1
5362,0
5363,1
5364,0
5365,0
5366,1
5367,1
5368,1
5369,0
5370,1
5371,1
5372,0
5373,1
5374,1
5375,1
5376,1
5377,1
5378,0
5379,1
5380,1
5381,1
5382,1
5383,0
5384,0
5385,0
5386,0
5387,1
5388,1
5389,0
5390,1
5391,1
5392,0
5393,0
5394,1
5395,1
5396,0
5397,0
5398,1
5399,0
5400,1
5401,1
5402,1
5403,1
5404,1
5405,1
5406,1
5407,0
5408,1
5409,1
5410,0
5411,0
5412,1
5413,1
5414,0
5415,1
5416,0
5417,1
5418,0
5419,0
5420,0
5421,1
5422,1
5423,1
5424,0
5425,0
5426,1
5427,0
5428,1
5429,1
5430,1
5431,0
5432,0
5433,0
5434,0
5435,1
5436,1
5437,1
5438,1
5439,1
5440,0
5441,1
5442,0
5443,0
5444,0
5445,1
5446,1
5447,0
5448,1
5449,1
5450,0
5451,1
5452,1
5453,1
5454,0
5455,1
5456,0
5457,1
5458,1
5459,1
5460,0
5461,0
5462,1
5463,1
5464,0
5465,0
5466,0
5467,1
5468,1
5469,1
5470,0
5471,0
5472,0
5473,1
5474,1
5475,0
5476,1
5477,0
5478,1
5479,0
5480,0
5481,1
5482,0
5483,0
5484,0
5485,1
5486,1
5487,0
5488,0
5489,1
5490,1
5491,0
5492,0
5493,1
5494,0
5495,1
5496,0
5497,1
5498,1
5499,0
5500,1
5501,1
5502,0
5503,1
5504,1
5505,0
5506,0
5507,1
5508,0
5509,0
5510,1
5511,0
5512,0
5513,1
5514,1
5515,1
5516,1
5517,1
5518,1
5519,0
5520,0
5521,0
5522,1
5523,1
5524,1
5525,0
5526,1
5527,0
5528,1
5529,0
5530,1
5531,0
5532,0
5533,1
5534,0
5535,1
5536,1
5537,0
5538,0
5539,0
5540,1
5541,1
5542,1
5543,0
5544,0
5545,1
5546,0
5547,0
5548,0
5549,0
5550,0
5551,1
5552,1
5553,1
5554,0
5555,0
5556,0
5557,0
5558,0
5559,1
5560,0
5561,1
5562,0
5563,1
5564,1
5565,0
5566,0
5567,1
5568,1
5569,1
5570,0
5571,1
5572,0
5573,0
5574,1
5575,0
5576,0
5577,0
5578,1
5579,1
5580,1
5581,0
5582,0
5583,0
5584,0
5585,0
5586,0
5587,1
5588,1
5589,0
5590,0
5591,1
5592,1
5593,1
5594,0
5595,0
5596,0
5597,0
5598,0
5599,0
5600,0
5601,0
5602,0
5603,0
5604,0
5605,0
5606,1
5607,1
5608,1
5609,1
5610,1
5611,0
5612,1
5613,1
5614,1
5615,0
5616,0
5617,0
5618,0
5619,0
5620,1
5621,1
5622,1
5623,0
5624,0
5625,1
5626,1
5627,0
5628,0
5629,1
5630,0
5631,0
5632,1
5633,1
5634,0
5635,0
5636,0
5637,0
5638,0
5639,1
5640,0
5641,0
5642,1
5643,0
5644,0
5645,1
5646,1
5647,0
5648,0
5649,0
5650,1
5651,1
5652,1
5653,0
5654,1
5655,1
5656,0
5657,1
5658,1
5659,1
5660,0
5661,0
5662,0
5663,0
5664,0
5665,0
5666,1
5667,0
5668,0
5669,1
5670,0
5671,1
5672,0
5673,0
5674,1
5675,1
5676,0
5677,0
5678,0
5679,1
5680,0
5681,1
5682,0
5683,1
5684,0
5685,0
5686,0
5687,0
5688,0
5689,1
5690,0
5691,0
5692,1
5693,1
5694,0
5695,1
5696,1
5697,1
5698,1
5699,1
5700,0
5701,0
5702,1
5703,0
5704,1
5705,1
5706,0
5707,1
5708,0
5709,0
5710,1
5711,0
5712,0
5713,1
5714,1
5715,1
5716,1
5717,1
5718,0
5719,0
5720,0
5721,0
5722,0
5723,1
5724,1
5725,0
5726,0
5727,0
5728,1
5729,0
5730,1
5731,1
5732,1
5733,1
5734,1
5735,0
5736,1
5737,0
5738,1
5739,1
5740,0
5741,0
5742,0
5743,0
5744,1
5745,1
5746,0
5747,1
5748,1
5749,1
5750,0
5751,1
5752,1
5753,0
5754,0
5755,0
5756,1
5757,1
5758,0
5759,0
5760,1
5761,0
5762,1
5763,1
5764,0
5765,1
5766,1
5767,0
5768,0
5769,1
5770,1
5771,0
5772,1
5773,0
5774,0
5775,1
5776,1
5777,1
5778,0
5779,1
5780,1
5781,1
5782,1
5783,0
5784,0
5785,0
5786,1
5787,0
5788,1
5789,1
5790,0
5791,1
5792,1
5793,0
5794,1
5795,0
5796,0
5797,0
5798,0
5799,0
5800,1
5801,0
5802,0
5803,1
5804,0
5805,1
5806,0
5807,0
5808,0
5809,1
5810,0
5811,0
5812,1
5813,1
5814,1
5815,1
5816,0
5817,0
5818,0
5819,1
5820,0
5821,1
5822,1
5823,0
5824,0
5825,0
5826,1
5827,0
5828,1
5829,1
5830,1
5831,0
5832,0
5833,0
5834,1
5835,0
5836,0
5837,0
5838,0
5839,0
5840,1
5841,0
5842,0
5843,1
5844,0
5845,0
5846,1
5847,0
5848,1
5849,0
5850,1
5851,1
5852,1
5853,0
5854,0
5855,1
5856,0
5857,0
5858,0
5859,1
5860,0
5861,0
5862,1
5863,0
5864,0
5865,1
5866,1
5867,1
5868,0
5869,1
5870,0
5871,0
5872,0
5873,0
5874,1
5875,0
5876,1
5877,1
5878,0
5879,0
5880,0
5881,0
5882,1
5883,1
5884,0
5885,1
5886,0
5887,0
5888,0
5889,0
5890,1
5891,0
5892,0
5893,0
5894,0
5895,1
5896,1
5897,0
5898,1
5899,1
5900,1
5901,0
5902,1
5903,1
5904,1
5905,0
5906,1
5907,1
5908,1
5909,1
5910,0
5911,1
5912,0
5913,1
5914,1
5915,0
5916,1
5917,1
5918,0
5919,1
5920,1
5921,0
5922,0
5923,0
5924,1
5925,0
5926,0
5927,1
5928,0
5929,0
5930,1
5931,1
5932,1
5933,0
5934,0
5935,1
5936,0
5937,0
5938,0
5939,1
5940,0
5941,1
5942,0
5943,1
5944,1
5945,0
5946,0
5947,0
5948,0
5949,0
5950,0
5951,0
5952,1
5953,1
5954,1
5955,1
5956,0
5957,0
5958,0
5959,0
5960,0
5961,1
5962,0
5963,1
5964,0
5965,1
5966,0
5967,0
5968,1
5969,1
5970,0
5971,1
5972,1
5973,1
5974,1
5975,0
5976,0
5977,1
5978,1
5979,1
5980,1
5981,0
5982,0
5983,0
5984,1
5985,1
5986,1
5987,1
5988,0
5989,0
5990,0
5991,0
5992,0
5993,1
5994,0
5995,0
5996,0
5997,0
5998,1
5999,0
6000,1
6001,0
6002,0
6003,0
6004,1
6005,1
6006,0
6007,1
6008,0
6009,1
6010,1
6011,1
6012,1
6013,1
6014,1
6015,0
6016,1
6017,1
6018,1
6019,1
6020,0
6021,1
6022,0
6023,1
6024,1
6025,1
6026,1
6027,0
6028,0
6029,0
6030,1
6031,1
6032,1
6033,1
6034,1
6035,1
6036,1
6037,1
6038,1
6039,0
6040,1
6041,1
6042,1
6043,1
6044,0
6045,0
6046,0
6047,1
6048,1
6049,0
6050,0
6051,0
6052,0
6053,1
6054,1
6055,0
6056,1
6057,1
6058,1
6059,0
6060,0
6061,1
6062,0
6063,1
6064,0
6065,1
6066,1
6067,0
6068,0
6069,0
6070,1
6071,1
6072,1
6073,0
6074,0
6075,0
6076,1
6077,1
6078,0
6079,0
6080,0
6081,1
6082,1
6083,0
6084,1
6085,1
6086,0
6087,0
6088,0
6089,0
6090,1
6091,0
6092,0
6093,1
6094,0
6095,0
6096,1
6097,1
6098,0
6099,1
6100,0
6101,0
6102,1
6103,1
6104,1
6105,1
6106,1
6107,0
6108,0
6109,1
6110,1
6111,1
6112,0
6113,0
6114,0
6115,1
6116,0
6117,0
6118,1
6119,1
6120,1
6121,1
6122,1
6123,0
6124,1
6125,1
6126,1
6127,0
6128,0
6129,0
6130,1
6131,0
6132,0
6133,0
6134,1
6135,1
6136,0
6137,1
6138,0
6139,0
6140,1
6141,1
6142,1
6143,0
6144,0
6145,0
6146,0
6147,1
6148,1
6149,1
6150,0
6151,0
6152,1
6153,1
6154,1
6155,1
6156,1
6157,1
6158,0
6159,1
6160,0
6161,1
6162,0
6163,1
6164,1
6165,1
6166,0
6167,0
6168,0
6169,0
6170,0
6171,0
6172,1
6173,0
6174,0
6175,0
6176,0
6177,0
6178,1
6179,1
6180,0
6181,1
6182,0
6183,1
6184,0
6185,1
6186,0
6187,1
6188,0
6189,1
6190,0
6191,0
6192,1
6193,0
6194,0
6195,0
6196,0
6197,0
6198,1
6199,1
6200,1
6201,1
6202,0
6203,0
6204,1
6205,0
6206,1
6207,1
6208,1
6209,1
6210,1
6211,1
6212,1
6213,1
6214,1
6215,0
6216,1
6217,1
6218,0
6219,0
6220,0
6221,1
6222,0
6223,0
6224,0
6225,0
6226,1
6227,1
6228,0
6229,1
6230,0
6231,0
6232,1
6233,1
6234,1
6235,0
6236,1
6237,1
6238,0
6239,1
6240,0
6241,0
6242,1
6243,0
6244,0
6245,1
6246,0
6247,0
6248,1
6249,0
6250,1
6251,1
6252,0
6253,0
6254,0
6255,0
6256,1
6257,1
6258,0
6259,1
6260,1
6261,1
6262,0
6263,1
6264,0
6265,1
6266,1
6267,0
6268,0
6269,1
6270,1
6271,1
6272,0
6273,0
6274,0
6275,0
6276,0
6277,0
6278,0
6279,0
6280,0
6281,1
6282,1
6283,1
6284,0
6285,1
6286,1
6287,0
6288,0
6289,0
6290,0
6291,0
6292,0
6293,1
6294,0
6295,0
6296,1
6297,0
6298,1
6299,0
6300,1
6301,1
6302,0
6303,0
6304,0
6305,0
6306,0
6307,1
6308,0
6309,1
6310,1
6311,0
6312,0
6313,0
6314,0
6315,1
6316,0
6317,0
6318,1
6319,1
6320,1
6321,1
6322,1
6323,0
6324,1
6325,1
6326,0
6327,1
6328,1
6329,1
6330,1
6331,1
6332,0
6333,1
6334,1
6335,1
6336,0
6337,1
6338,1
6339,1
6340,0
6341,1
6342,0
6343,0
6344,1
6345,0
6346,0
6347,1
6348,1
6349,0
6350,1
6351,1
6352,0
6353,1
6354,1
6355,0
6356,1
6357,0
6358,1
6359,1
6360,1
6361,1
6362,0
6363,0
6364,1
6365,1
6366,1
6367,1
6368,0
6369,1
6370,0
6371,0
6372,0
6373,1
6374,0
6375,1
6376,1
6377,0
6378,0
6379,0
6380,0
6381,1
6382,0
6383,0
6384,1
6385,0
6386,1
6387,0
6388,0
6389,1
6390,1
6391,0
6392,1
6393,0
6394,0
6395,1
6396,1
6397,1
6398,1
6399,0
6400,1
6401,0
6402,0
6403,0
6404,1
6405,1
6406,1
6407,1
6408,1
6409,1
6410,1
6411,1
6412,1
6413,0
6414,1
6415,0
6416,0
6417,1
6418,1
6419,0
6420,0
6421,1
6422,0
6423,1
6424,0
6425,1
6426,0
6427,1
6428,1
6429,0
6430,1
6431,1
6432,0
6433,0
6434,0
6435,0
6436,0
6437,0
6438,0
6439,1
6440,0
6441,0
6442,0
6443,0
6444,0
6445,1
6446,1
6447,0
6448,1
6449,1
6450,1
6451,0
6452,1
6453,0
6454,1
6455,0
6456,0
6457,0
6458,1
6459,1
6460,0
6461,0
6462,0
6463,1
6464,1
6465,0
6466,1
6467,1
6468,0
6469,0
6470,1
6471,1
6472,1
6473,1
6474,1
6475,1
6476,0
6477,1
6478,0
6479,1
6480,1
6481,1
6482,1
6483,1
6484,0
6485,0
6486,1
6487,1
6488,1
6489,1
6490,1
6491,1
6492,0
6493,0
6494,0
6495,0
6496,0
6497,0
6498,1
6499,0
6500,0
6501,1
6502,1
6503,1
6504,0
6505,0
6506,0
6507,1
6508,0
6509,1
6510,0
6511,1
6512,0
6513,1
6514,0
6515,0
6516,1
6517,1
6518,0
6519,1
6520,0
6521,1
6522,0
6523,0
6524,1
6525,0
6526,1
6527,0
6528,0
6529,0
6530,1
6531,0
6532,0
6533,1
6534,1
6535,0
6536,0
6537,1
6538,1
6539,1
6540,0
6541,0
6542,0
6543,1
6544,1
6545,0
6546,0
6547,0
6548,0
6549,0
6550,1
6551,1
6552,0
6553,0
6554,1
6555,1
6556,0
6557,1
6558,1
6559,1
6560,1
6561,0
6562,0
6563,1
6564,0
6565,0
6566,1
6567,0
6568,1
6569,0
6570,1
6571,1
6572,0
6573,1
6574,1
6575,1
6576,0
6577,1
6578,0
6579,1
6580,0
6581,0
6582,0
6583,0
6584,1
6585,0
6586,0
6587,1
6588,1
6589,0
6590,1
6591,1
6592,1
6593,1
6594,0
6595,1
6596,1
6597,1
6598,1
6599,0
6600,0
6601,1
6602,1
6603,1
6604,1
6605,0
6606,1
6607,0
6608,0
6609,0
6610,1
6611,0
6612,1
6613,0
6614,0
6615,1
6616,1
6617,0
6618,0
6619,1
6620,1
6621,1
6622,0
6623,1
6624,0
6625,1
6626,1
6627,1
6628,1
6629,0
6630,0
6631,0
6632,0
6633,0
6634,1
6635,1
6636,1
6637,1
6638,0
6639,1
6640,1
6641,1
6642,0
6643,0
6644,0
6645,0
6646,0
6647,1
6648,0
6649,0
6650,0
6651,1
6652,1
6653,0
6654,0
6655,1
6656,0
6657,1
6658,0
6659,1
6660,1
6661,0
6662,1
6663,0
6664,0
6665,0
6666,1
6667,1
6668,0
6669,0
6670,0
6671,1
6672,0
6673,1
6674,1
6675,1
6676,0
6677,1
6678,0
6679,1
6680,0
6681,1
6682,1
6683,1
6684,1
6685,0
6686,1
6687,0
6688,0
6689,1
6690,0
6691,0
6692,0
6693,1
6694,1
6695,0
6696,1
6697,0
6698,0
6699,1
6700,0
6701,0
6702,0
6703,1
6704,1
6705,0
6706,1
6707,1
6708,0
6709,1
6710,1
6711,0
6712,0
6713,0
6714,1
6715,1
6716,0
6717,0
6718,0
6719,1
6720,0
6721,0
6722,0
6723,0
6724,1
6725,1
6726,1
6727,1
6728,0
6729,0
6730,1
6731,0
6732,1
6733,1
6734,0
6735,1
6736,0
6737,0
6738,1
6739,1
6740,0
6741,1
6742,0
6743,0
6744,1
6745,0
6746,0
6747,1
6748,0
6749,1
6750,0
6751,0
6752,0
6753,0
6754,0
6755,0
6756,0
6757,1
6758,0
6759,0
6760,0
6761,1
6762,1
6763,1
6764,0
6765,0
6766,1
6767,1
6768,1
6769,0
6770,0
6771,0
6772,0
6773,0
6774,1
6775,1
6776,0
6777,0
6778,1
6779,0
6780,1
6781,1
6782,0
6783,1
6784,0
6785,0
6786,0
6787,0
6788,1
6789,1
6790,1
6791,1
6792,0
6793,0
6794,1
6795,0
6796,0
6797,1
6798,0
6799,1
6800,0
6801,1
6802,0
6803,0
6804,1
6805,0
6806,1
6807,0
6808,0
6809,1
6810,1
6811,1
6812,1
6813,0
6814,1
6815,0
6816,0
6817,0
6818,1
6819,1
6820,0
6821,0
6822,1
6823,0
6824,0
6825,0
6826,1
6827,0
6828,1
6829,0
6830,1
6831,1
6832,1
6833,1
6834,0
6835,0
6836,0
6837,1
6838,0
6839,1
6840,0
6841,1
6842,0
6843,1
6844,1
6845,0
6846,1
6847,1
6848,1
6849,1
6850,1
6851,1
6852,0
6853,1
6854,1
6855,0
6856,1
6857,0
6858,0
6859,0
6860,0
6861,1
6862,1
6863,1
6864,0
6865,1
6866,1
6867,1
6868,0
6869,0
6870,1
6871,1
6872,1
6873,0
6874,0
6875,1
6876,0
6877,0
6878,0
6879,1
6880,1
6881,1
6882,1
6883,0
6884,0
6885,0
6886,0
6887,0
6888,1
6889,0
6890,1
6891,1
6892,0
6893,0
6894,1
6895,0
6896,1
6897,0
6898,1
6899,1
6900,1
6901,0
6902,0
6903,0
6904,1
6905,1
6906,1
6907,1
6908,0
6909,0
6910,1
6911,0
6912,0
6913,1
6914,0
6915,0
6916,0
6917,0
6918,0
6919,1
6920,0
6921,1
6922,0
6923,0
6924,0
6925,1
6926,1
6927,0
6928,0
6929,1
6930,1
6931,1
6932,1
6933,1
6934,1
6935,1
6936,1
6937,0
6938,1
6939,0
6940,0
6941,1
6942,1
6943,0
6944,0
6945,1
6946,1
6947,0
6948,0
6949,1
6950,1
6951,1
6952,1
6953,1
6954,1
6955,1
6956,0
6957,0
6958,0
6959,1
6960,0
6961,1
6962,1
6963,0
6964,0
6965,0
6966,1
6967,0
6968,1
6969,1
6970,1
6971,0
6972,0
6973,1
6974,1
6975,1
6976,1
6977,1
6978,0
6979,1
6980,1
6981,0
6982,1
6983,0
6984,1
6985,1
6986,1
6987,1
6988,0
6989,0
6990,0
6991,1
6992,0
6993,0
6994,0
6995,0
6996,1
6997,1
6998,0
6999,1
7000,0
7001,0
7002,0
7003,0
7004,1
7005,0
7006,1
7007,1
7008,0
7009,0
7010,1
7011,1
7012,0
7013,0
7014,0
7015,1
7016,0
7017,0
7018,0
7019,0
7020,1
7021,1
7022,1
7023,1
7024,0
7025,1
7026,0
7027,1
7028,0
7029,1
7030,0
7031,0
7032,0
7033,1
7034,1
7035,1
7036,1
7037,0
7038,1
7039,1
7040,1
7041,1
7042,0
7043,1
7044,0
7045,1
7046,0
7047,1
7048,0
7049,0
7050,1
7051,1
7052,0
7053,1
7054,1
7055,1
7056,1
7057,1
7058,0
7059,1
7060,1
7061,0
7062,1
7063,0
7064,0
7065,1
7066,1
7067,1
7068,0
7069,1
7070,0
7071,1
7072,0
7073,0
7074,1
7075,0
7076,0
7077,1
7078,0
7079,1
7080,0
7081,0
7082,1
7083,0
7084,0
7085,0
7086,0
7087,0
7088,1
7089,1
7090,1
7091,0
7092,1
7093,0
7094,0
7095,0
7096,0
7097,1
7098,1
7099,0
7100,1
7101,1
7102,1
7103,0
7104,0
7105,1
7106,1
7107,1
7108,1
7109,0
7110,1
7111,1
7112,1
7113,0
7114,1
7115,1
7116,1
7117,1
7118,1
7119,0
7120,1
7121,0
7122,1
7123,1
7124,0
7125,1
7126,0
7127,1
7128,1
7129,1
7130,1
7131,0
7132,0
7133,0
7134,1
7135,0
7136,1
7137,1
7138,0
7139,1
7140,0
7141,1
7142,0
7143,0
7144,1
7145,1
7146,1
7147,0
7148,0
7149,1
7150,1
7151,0
7152,0
7153,1
7154,0
7155,0
7156,0
7157,0
7158,1
7159,1
7160,0
7161,1
7162,0
7163,0
7164,1
7165,0
7166,0
7167,1
7168,0
7169,1
7170,0
7171,1
7172,0
7173,0
7174,1
7175,1
7176,1
7177,1
7178,0
7179,0
7180,0
7181,0
7182,1
7183,1
7184,0
7185,0
7186,0
7187,0
7188,1
7189,0
7190,0
7191,0
7192,1
7193,0
7194,0
7195,1
7196,1
7197,0
7198,1
7199,1
7200,1
7201,1
7202,1
7203,0
7204,0
7205,1
7206,0
7207,1
7208,1
7209,0
7210,0
7211,0
7212,1
7213,1
7214,1
7215,1
7216,0
7217,1
7218,0
7219,1
7220,0
7221,1
7222,1
7223,1
7224,0
7225,0
7226,1
7227,0
7228,0
7229,0
7230,1
7231,0
7232,0
7233,1
7234,0
7235,1
7236,1
7237,1
7238,0
7239,0
7240,1
7241,1
7242,1
7243,1
7244,1
7245,0
7246,0
7247,0
7248,0
7249,1
7250,1
7251,1
7252,0
7253,1
7254,1
7255,1
7256,0
7257,1
7258,1
7259,1
7260,0
7261,0
7262,1
7263,0
7264,0
7265,1
7266,0
7267,0
7268,0
7269,0
7270,0
7271,0
7272,0
7273,0
7274,1
7275,1
7276,1
7277,1
7278,0
7279,0
7280,1
7281,1
7282,1
7283,1
7284,0
7285,0
7286,1
7287,1
7288,1
7289,1
7290,1
7291,0
7292,0
7293,0
7294,1
7295,0
7296,1
7297,0
7298,0
7299,1
7300,0
7301,0
7302,1
7303,1
7304,1
7305,0
7306,0
7307,0
7308,0
7309,0
7310,1
7311,0
7312,0
7313,1
7314,0
7315,1
7316,1
7317,0
7318,0
7319,0
7320,1
7321,0
7322,1
7323,1
7324,0
7325,1
7326,0
7327,0
7328,1
7329,1
7330,1
7331,1
7332,1
7333,0
7334,0
7335,1
7336,1
7337,1
7338,1
7339,1
7340,0
7341,0
7342,0
7343,1
7344,0
7345,0
7346,0
7347,1
7348,0
7349,0
7350,0
7351,1
7352,0
7353,1
7354,1
7355,1
7356,1
7357,1
7358,1
7359,0
7360,0
7361,1
7362,1
7363,1
7364,0
7365,0
7366,0
7367,1
7368,0
7369,0
7370,0
7371,1
7372,1
7373,0
7374,0
7375,0
7376,0
7377,0
7378,1
7379,0
7380,1
7381,1
7382,0
7383,0
7384,0
7385,1
7386,0
7387,1
7388,0
7389,0
7390,0
7391,0
7392,0
7393,0
7394,1
7395,1
7396,1
7397,0
7398,1
7399,0
7400,1
7401,0
7402,1
7403,1
7404,0
7405,0
7406,1
7407,1
7408,1
7409,1
7410,0
7411,0
7412,1
7413,1
7414,0
7415,1
7416,1
7417,1
7418,1
7419,0
7420,0
7421,0
7422,1
7423,0
7424,1
7425,1
7426,1
7427,0
7428,1
7429,0
7430,0
7431,1
7432,1
7433,1
7434,1
7435,0
7436,0
7437,1
7438,1
7439,0
7440,1
7441,1
7442,0
7443,1
7444,1
7445,0
7446,1
7447,1
7448,0
7449,0
7450,1
7451,0
7452,1
7453,0
7454,0
7455,0
7456,0
7457,0
7458,0
7459,1
7460,1
7461,0
7462,1
7463,0
7464,1
7465,0
7466,0
7467,0
7468,0
7469,1
7470,0
7471,1
7472,1
7473,0
7474,1
7475,1
7476,0
7477,1
7478,0
7479,1
7480,1
7481,0
7482,0
7483,1
7484,0
7485,0
7486,1
7487,1
7488,0
7489,1
7490,0
7491,0
7492,0
7493,1
7494,0
7495,1
7496,1
7497,0
7498,0
7499,1
7500,0
7501,0
7502,0
7503,1
7504,1
7505,1
7506,1
7507,1
7508,0
7509,0
7510,1
7511,1
7512,0
7513,0
7514,0
7515,1
7516,0
7517,0
7518,0
7519,1
7520,1
7521,1
7522,0
7523,1
7524,1
7525,1
7526,1
7527,1
7528,0
7529,1
7530,0
7531,0
7532,1
7533,0
7534,1
7535,1
7536,0
7537,1
7538,0
7539,1
7540,1
7541,1
7542,0
7543,1
7544,1
7545,0
7546,1
7547,0
7548,1
7549,0
7550,1
7551,1
7552,1
7553,1
7554,0
7555,0
7556,1
7557,0
7558,0
7559,0
7560,0
7561,0
7562,0
7563,1
7564,0
7565,0
7566,1
7567,1
7568,0
7569,0
7570,0
7571,0
7572,0
7573,0
7574,1
7575,0
7576,0
7577,0
7578,1
7579,0
7580,1
7581,1
7582,0
7583,0
7584,1
7585,0
7586,1
7587,0
7588,1
7589,0
7590,1
7591,0
7592,0
7593,0
7594,0
7595,0
7596,0
7597,1
7598,0
7599,0
7600,0
7601,1
7602,0
7603,1
7604,1
7605,0
7606,1
7607,0
7608,0
7609,1
7610,0
7611,0
7612,0
7613,1
7614,1
7615,1
7616,0
7617,0
7618,1
7619,0
7620,0
7621,1
7622,0
7623,1
7624,1
7625,1
7626,1
7627,1
7628,0
7629,0
7630,0
7631,1
7632,0
7633,0
7634,1
7635,1
7636,1
7637,0
7638,0
7639,1
7640,1
7641,1
7642,1
7643,0
7644,0
7645,0
7646,1
7647,0
7648,0
7649,1
7650,0
7651,0
7652,1
7653,1
7654,0
7655,0
7656,0
7657,0
7658,1
7659,1
7660,1
7661,1
7662,0
7663,1
7664,0
7665,0
7666,0
7667,0
7668,0
7669,1
7670,0
7671,1
7672,0
7673,0
7674,1
7675,0
7676,0
7677,1
7678,0
7679,0
7680,0
7681,0
7682,0
7683,0
7684,0
7685,0
7686,0
7687,1
7688,0
7689,1
7690,1
7691,1
7692,0
7693,1
7694,1
7695,1
7696,1
7697,0
7698,0
7699,1
7700,0
7701,1
7702,0
7703,0
7704,1
7705,1
7706,1
7707,1
7708,0
7709,0
7710,0
7711,0
7712,0
7713,0
7714,1
7715,0
7716,1
7717,1
7718,1
7719,1
7720,0
7721,0
7722,0
7723,0
7724,1
7725,1
7726,0
7727,1
7728,1
7729,0
7730,1
7731,1
7732,1
7733,1
7734,1
7735,0
7736,0
7737,1
7738,1
7739,1
7740,1
7741,1
7742,0
7743,0
7744,1
7745,0
7746,0
7747,1
7748,0
7749,1
7750,0
7751,0
7752,0
7753,1
7754,1
7755,1
7756,1
7757,0
7758,1
7759,0
7760,0
7761,0
7762,0
7763,1
7764,1
7765,0
7766,1
7767,1
7768,0
7769,0
7770,1
7771,1
7772,1
7773,0
7774,0
7775,1
7776,1
7777,1
7778,1
7779,0
7780,0
7781,1
7782,0
7783,0
7784,0
7785,1
7786,1
7787,1
7788,0
7789,1
7790,1
7791,1
7792,1
7793,1
7794,0
7795,0
7796,0
7797,0
7798,1
7799,1
7800,1
7801,0
7802,0
7803,1
7804,1
7805,1
7806,1
7807,1
7808,1
7809,0
7810,1
7811,0
7812,0
7813,1
7814,1
7815,1
7816,0
7817,1
7818,0
7819,0
7820,1
7821,0
7822,1
7823,1
7824,0
7825,0
7826,1
7827,0
7828,1
7829,1
7830,1
7831,0
7832,0
7833,0
7834,1
7835,1
7836,0
7837,0
7838,0
7839,1
7840,0
7841,0
7842,0
7843,0
7844,1
7845,1
7846,0
7847,0
7848,1
7849,0
7850,0
7851,1
7852,1
7853,0
7854,0
7855,1
7856,0
7857,1
7858,1
7859,1
7860,1
7861,1
7862,0
7863,0
7864,0
7865,0
7866,0
7867,1
7868,1
7869,0
7870,1
7871,1
7872,0
7873,1
7874,1
7875,0
7876,0
7877,0
7878,0
7879,1
7880,1
7881,1
7882,1
7883,1
7884,1
7885,1
7886,1
7887,1
7888,1
7889,0
7890,0
7891,1
7892,0
7893,1
7894,1
7895,1
7896,0
7897,0
7898,0
7899,0
7900,0
7901,1
7902,1
7903,0
7904,1
7905,1
7906,0
7907,0
7908,1
7909,1
7910,0
7911,0
7912,1
7913,0
7914,0
7915,0
7916,0
7917,0
7918,0
7919,1
7920,0
7921,1
7922,1
7923,0
7924,0
7925,1
7926,0
7927,1
7928,1
7929,1
7930,0
7931,1
7932,1
7933,1
7934,0
7935,0
7936,0
7937,0
7938,1
7939,1
7940,1
7941,0
7942,1
7943,1
7944,0
7945,1
7946,0
7947,1
7948,1
7949,0
7950,0
7951,1
7952,0
7953,0
7954,1
7955,0
7956,1
7957,0
7958,1
7959,1
7960,1
7961,1
7962,1
7963,0
7964,0
7965,0
7966,0
7967,0
7968,1
7969,0
7970,1
7971,0
7972,1
7973,0
7974,1
7975,1
7976,1
7977,0
7978,0
7979,0
7980,1
7981,0
7982,0
7983,0
7984,0
7985,0
7986,1
7987,0
7988,1
7989,0
7990,1
7991,0
7992,1
7993,1
7994,0
7995,1
7996,0
7997,1
7998,1
7999,0
8000,0
8001,0
8002,1
8003,0
8004,0
8005,1
8006,0
8007,0
8008,0
8009,1
8010,1
8011,1
8012,0
8013,1
8014,0
8015,0
8016,0
8017,0
8018,0
8019,0
8020,1
8021,1
8022,0
8023,1
8024,0
8025,0
8026,1
8027,0
8028,0
8029,0
8030,0
8031,0
8032,1
8033,1
8034,0
8035,0
8036,0
8037,0
8038,0
8039,0
8040,0
8041,1
8042,0
8043,1
8044,0
8045,0
8046,0
8047,1
8048,1
8049,0
8050,1
8051,0
8052,1
8053,0
8054,0
8055,1
8056,1
8057,1
8058,0
8059,1
8060,1
8061,0
8062,1
8063,1
8064,0
8065,0
8066,0
8067,0
8068,1
8069,1
8070,0
8071,1
8072,0
8073,0
8074,1
8075,1
8076,1
8077,0
8078,0
8079,1
8080,1
8081,1
8082,1
8083,0
8084,0
8085,0
8086,0
8087,0
8088,1
8089,1
8090,0
8091,1
8092,0
8093,1
8094,1
8095,0
8096,0
8097,0
8098,1
8099,1
8100,1
8101,0
8102,1
8103,0
8104,1
8105,0
8106,1
8107,1
8108,1
8109,0
8110,1
8111,1
8112,1
8113,0
8114,0
8115,1
8116,0
8117,0
8118,1
8119,0
8120,1
8121,0
8122,0
8123,0
8124,0
8125,0
8126,0
8127,0
8128,0
8129,0
8130,0
8131,1
8132,0
8133,1
8134,0
8135,0
8136,0
8137,0
8138,1
8139,0
8140,1
8141,0
8142,1
8143,1
8144,1
8145,1
8146,1
8147,1
8148,0
8149,1
8150,0
8151,1
8152,1
8153,1
8154,0
8155,0
8156,0
8157,1
8158,0
8159,0
8160,0
8161,1
8162,1
8163,0
8164,1
8165,1
8166,0
8167,1
8168,0
8169,0
8170,0
8171,1
8172,0
8173,1
8174,1
8175,0
8176,0
8177,1
8178,0
8179,0
8180,1
8181,1
8182,0
8183,0
8184,1
8185,1
8186,0
8187,1
8188,0
8189,1
8190,1
8191,0
8192,0
8193,0
8194,1
8195,1
8196,1
8197,0
8198,1
8199,0
8200,0
8201,0
8202,0
8203,0
8204,0
8205,0
8206,1
8207,0
8208,1
8209,0
8210,1
8211,1
8212,0
8213,1
8214,0
8215,0
8216,0
8217,1
8218,1
8219,0
8220,0
8221,1
8222,1
8223,1
8224,0
8225,1
8226,0
8227,0
8228,1
8229,0
8230,1
8231,1
8232,1
8233,1
8234,1
8235,1
8236,1
8237,1
8238,1
8239,0
8240,1
8241,0
8242,1
8243,1
8244,1
8245,1
8246,1
8247,0
8248,1
8249,0
8250,1
8251,1
8252,0
8253,1
8254,0
8255,1
8256,1
8257,0
8258,1
8259,1
8260,0
8261,1
8262,0
8263,1
8264,1
8265,0
8266,0
8267,1
8268,1
8269,0
8270,0
8271,1
8272,1
8273,0
8274,1
8275,1
8276,1
8277,1
8278,0
8279,1
8280,0
8281,1
8282,1
8283,0
8284,0
8285,0
8286,0
8287,0
8288,1
8289,0
8290,0
8291,0
8292,0
8293,0
8294,1
8295,0
8296,0
8297,0
8298,0
8299,0
8300,1
8301,1
8302,0
8303,1
8304,1
8305,0
8306,1
8307,1
8308,0
8309,1
8310,0
8311,0
8312,0
8313,1
8314,1
8315,1
8316,1
8317,1
8318,0
8319,0
8320,0
8321,1
8322,1
8323,0
8324,1
8325,0
8326,0
8327,0
8328,0
8329,1
8330,1
8331,0
8332,1
8333,0
8334,0
8335,0
8336,0
8337,1
8338,0
8339,1
8340,0
8341,1
8342,1
8343,0
8344,0
8345,0
8346,0
8347,0
8348,0
8349,0
8350,0
8351,0
8352,0
8353,0
8354,1
8355,0
8356,0
8357,0
8358,1
8359,1
8360,0
8361,1
8362,1
8363,1
8364,1
8365,0
8366,1
8367,1
8368,0
8369,1
8370,1
8371,1
8372,1
8373,1
8374,0
8375,1
8376,0
8377,1
8378,1
8379,0
8380,0
8381,1
8382,1
8383,0
8384,1
8385,1
8386,0
8387,1
8388,0
8389,1
8390,1
8391,0
8392,1
8393,1
8394,0
8395,0
8396,1
8397,0
8398,0
8399,1
8400,1
8401,0
8402,1
8403,1
8404,1
8405,0
8406,1
8407,0
8408,0
8409,1
8410,1
8411,0
8412,0
8413,0
8414,0
8415,0
8416,1
8417,0
8418,0
8419,0
8420,1
8421,0
8422,1
8423,0
8424,1
8425,1
8426,0
8427,1
8428,1
8429,0
8430,0
8431,0
8432,0
8433,0
8434,0
8435,0
8436,1
8437,1
8438,1
8439,0
8440,1
8441,0
8442,0
8443,0
8444,0
8445,0
8446,0
8447,1
8448,1
8449,1
8450,0
8451,0
8452,0
8453,1
8454,0
8455,0
8456,1
8457,0
8458,1
8459,0
8460,0
8461,1
8462,0
8463,1
8464,1
8465,0
8466,1
8467,1
8468,0
8469,0
8470,1
8471,0
8472,1
8473,1
8474,1
8475,0
8476,1
8477,1
8478,1
8479,0
8480,1
8481,0
8482,1
8483,0
8484,1
8485,1
8486,1
8487,0
8488,0
8489,0
8490,1
8491,0
8492,1
8493,0
8494,1
8495,0
8496,1
8497,1
8498,1
8499,1
8500,1
8501,0
8502,1
8503,1
8504,1
8505,0
8506,0
8507,1
8508,1
8509,0
8510,1
8511,1
8512,1
8513,1
8514,1
8515,0
8516,0
8517,1
8518,1
8519,1
8520,0
8521,0
8522,0
8523,1
8524,1
8525,1
8526,0
8527,1
8528,0
8529,0
8530,1
8531,1
8532,1
8533,1
8534,0
8535,0
8536,1
8537,1
8538,1
8539,0
8540,1
8541,0
8542,1
8543,1
8544,0
8545,0
8546,0
8547,0
8548,0
8549,1
8550,1
8551,1
8552,0
8553,0
8554,0
8555,1
8556,0
8557,1
8558,1
8559,0
8560,1
8561,1
8562,1
8563,0
8564,1
8565,0
8566,0
8567,0
8568,0
8569,1
8570,0
8571,1
8572,1
8573,1
8574,0
8575,0
8576,1
8577,1
8578,0
8579,1
8580,1
8581,1
8582,1
8583,0
8584,1
8585,0
8586,0
8587,0
8588,1
8589,0
8590,0
8591,1
8592,1
8593,1
8594,1
8595,1
8596,0
8597,1
8598,1
8599,0
8600,1
8601,1
8602,0
8603,1
8604,1
8605,0
8606,0
8607,1
8608,1
8609,0
8610,0
8611,0
8612,0
8613,1
8614,1
8615,1
8616,1
8617,1
8618,0
8619,1
8620,0
8621,0
8622,0
8623,0
8624,1
8625,0
8626,1
8627,0
8628,0
8629,0
8630,0
8631,0
8632,1
8633,1
8634,1
8635,1
8636,0
8637,1
8638,1
8639,0
8640,0
8641,0
8642,1
8643,1
8644,1
8645,0
8646,0
8647,1
8648,1
8649,1
8650,1
8651,1
8652,1
8653,0
8654,0
8655,1
8656,1
8657,0
8658,0
8659,1
8660,0
8661,1
8662,1
8663,0
8664,0
8665,1
8666,0
8667,0
8668,0
8669,0
8670,1
8671,1
8672,0
8673,1
8674,1
8675,1
8676,0
8677,1
8678,1
8679,0
8680,1
8681,0
8682,0
8683,1
8684,1
8685,1
8686,1
8687,0
8688,0
8689,0
8690,0
8691,1
8692,1
8693,1
8694,1
8695,0
8696,1
8697,1
8698,0
8699,1
8700,1
8701,0
8702,0
8703,0
8704,0
8705,0
8706,0
8707,0
8708,0
8709,1
8710,0
8711,1
8712,0
8713,0
8714,0
8715,1
8716,1
8717,0
8718,1
8719,1
8720,0
8721,0
8722,0
8723,0
8724,1
8725,0
8726,0
8727,0
8728,1
8729,1
8730,0
8731,0
8732,0
8733,1
8734,0
8735,0
8736,1
8737,0
8738,0
8739,0
8740,0
8741,0
8742,1
8743,1
8744,1
8745,1
8746,0
8747,0
8748,1
8749,1
8750,0
8751,0
8752,0
8753,1
8754,0
8755,0
8756,0
8757,1
8758,0
8759,0
8760,0
8761,0
8762,1
8763,0
8764,0
8765,0
8766,1
8767,0
8768,1
8769,1
8770,1
8771,0
8772,0
8773,0
8774,1
8775,1
8776,0
8777,0
8778,0
8779,1
8780,1
8781,1
8782,1
8783,1
8784,0
8785,0
8786,1
8787,1
8788,1
8789,1
8790,0
8791,0
8792,0
8793,0
8794,1
8795,1
8796,1
8797,1
8798,0
